time, x accl, y accl, z accl, gyro x, gyro y, gyro z, pressure
7500,-0.07,-0.01,10.05,-0.00,0.00,0.00,1019.89
7523,-0.07,-0.01,10.06,-0.00,0.00,0.00,1019.91
7546,-0.07,-0.01,10.05,-0.00,0.00,0.00,1019.91
7569,-0.07,-0.01,10.05,-0.00,0.00,0.00,1019.86
7592,-0.05,-0.01,10.04,-0.00,0.00,0.00,1019.86
7615,-0.06,-0.01,10.02,-0.00,0.00,0.00,1019.88
7638,-0.07,-0.02,10.04,-0.00,0.00,0.00,1019.88
7660,-0.07,-0.02,10.04,-0.00,0.00,0.00,1019.87
7683,-0.06,-0.02,10.03,-0.00,0.00,0.00,1019.87
7706,-0.05,-0.02,10.02,-0.00,0.00,0.00,1019.88
7733,-0.07,-0.01,10.02,-0.00,0.00,0.00,1019.85
7753,-0.06,-0.01,10.03,-0.00,0.00,0.00,1019.85
7774,-0.08,-0.01,10.04,-0.00,0.00,0.00,1019.88
7794,-0.06,-0.01,10.02,-0.00,0.00,0.00,1019.88
7815,-0.06,-0.01,10.02,-0.00,0.00,0.00,1019.86
7836,-0.07,-0.02,10.02,-0.00,0.00,0.00,1019.86
7856,-0.07,-0.02,10.02,-0.00,0.00,0.00,1019.85
7877,-0.06,-0.01,10.02,-0.00,0.00,0.00,1019.85
7897,-0.06,-0.01,10.02,-0.00,0.00,0.00,1019.83
7918,-0.06,-0.00,10.02,-0.00,0.00,0.00,1019.83
7938,-0.07,-0.02,10.02,-0.00,0.00,0.00,1019.87
7957,-0.07,0.00,10.01,-0.00,0.00,0.00,1019.87
7978,-0.06,-0.01,10.00,-0.00,0.00,0.00,1019.88
7998,-0.06,-0.02,10.01,-0.00,0.00,0.00,1019.88
8019,-0.06,-0.01,10.02,-0.00,0.00,0.00,1019.87
8039,-0.07,-0.00,10.01,-0.00,0.00,0.00,1019.87
8060,-0.06,-0.02,10.01,-0.00,0.00,0.00,1019.88
8080,-0.05,-0.01,10.00,-0.00,0.00,0.00,1019.88
8101,-0.06,-0.02,10.01,-0.00,0.00,0.00,1019.86
8121,-0.07,-0.01,10.00,-0.00,0.00,0.00,1019.86
8142,-0.06,-0.02,10.00,-0.00,0.00,0.00,1019.92
8167,-0.06,-0.00,9.99,-0.00,0.00,0.00,1019.85
8189,-0.06,-0.02,9.99,-0.00,0.00,0.00,1019.85
8211,-0.07,-0.02,10.00,-0.00,0.00,0.00,1019.89
8233,-0.07,-0.01,10.00,-0.00,0.00,0.00,1019.89
8254,-0.07,-0.02,10.00,-0.00,0.00,0.00,1019.85
8276,-0.06,-0.00,10.00,-0.00,0.00,0.00,1019.85
8298,-0.06,-0.03,9.99,-0.00,0.00,0.00,1019.84
8320,-0.07,-0.01,9.99,-0.00,0.00,0.00,1019.84
8342,-0.06,0.00,10.00,-0.00,0.00,0.00,1019.87
8363,-0.07,-0.01,9.99,-0.00,0.00,0.00,1019.87
8385,-0.07,-0.01,9.99,-0.00,0.00,0.00,1019.85
8411,-0.11,-0.03,10.00,-0.00,0.00,0.01,1019.85
8431,-0.28,-0.18,9.92,-0.01,0.00,0.04,1019.85
8452,-0.03,-0.06,10.13,-0.01,-0.00,0.11,1019.85
8472,0.14,0.18,9.85,0.00,0.01,0.10,1019.85
8493,-0.05,0.01,9.95,-0.01,0.00,0.05,1019.85
8513,-0.01,-0.02,9.94,-0.01,0.00,0.04,1019.85
8534,0.10,0.06,9.93,-0.02,-0.00,0.04,1019.85
8554,-0.12,-0.05,10.05,-0.03,-0.01,0.03,1019.85
8575,-0.03,0.01,10.06,-0.02,-0.02,0.04,1019.83
8596,0.65,0.45,10.11,-0.01,-0.04,0.07,1019.83
8616,0.69,0.73,10.21,0.01,-0.04,0.05,1019.83
8642,-0.07,0.22,9.52,0.02,-0.05,0.02,1019.83
8663,-0.79,-0.71,9.88,-0.02,-0.07,-0.02,1019.90
8685,-1.36,-0.42,9.80,-0.06,-0.11,0.05,1019.90
8707,-0.21,-0.22,10.93,-0.06,-0.16,0.11,1019.85
8728,0.61,0.06,10.37,0.03,-0.26,0.07,1019.85
8750,0.27,-0.20,10.65,0.08,-0.29,-0.02,1019.88
8772,-0.39,-0.06,10.00,0.13,-0.41,-0.02,1019.85
8794,0.20,0.07,9.86,0.07,-0.49,0.05,1019.85
8826,0.99,0.03,10.19,0.08,-0.60,0.03,1019.86
8848,1.10,-0.07,10.32,0.02,-0.70,0.04,1019.86
8870,0.61,-0.22,10.65,0.05,-0.83,0.06,1019.88
8896,0.64,0.13,9.63,0.03,-0.92,0.15,1019.88
8916,1.47,0.10,10.07,0.02,-0.94,0.18,1019.88
8937,1.49,-0.07,9.96,0.02,-0.95,0.13,1019.88
8957,1.15,0.12,9.21,-0.00,-0.94,0.13,1019.88
8978,1.79,0.07,10.64,-0.05,-0.97,0.14,1019.85
8998,2.29,0.00,9.73,-0.01,-1.03,0.08,1019.85
9019,1.96,-0.07,9.53,-0.02,-1.03,0.05,1019.86
9039,1.79,-0.15,10.00,0.01,-1.05,0.05,1019.86
9060,2.36,0.06,9.08,0.02,-1.02,0.05,1019.86
9080,2.67,0.00,9.80,-0.01,-1.00,0.06,1019.86
9101,2.93,0.09,9.57,0.01,-1.00,0.08,1019.87
9127,3.37,-0.08,9.25,-0.00,-1.00,0.05,1019.87
9148,3.48,-0.02,9.13,-0.02,-0.96,0.03,1019.84
9170,3.56,-0.05,9.62,-0.05,-0.95,0.02,1019.84
9192,3.77,-0.03,9.38,-0.01,-0.97,0.02,1019.85
9214,3.92,-0.04,9.27,0.01,-0.98,0.03,1019.86
9236,4.23,-0.06,9.05,0.02,-1.00,0.02,1019.86
9257,4.42,-0.04,8.89,0.01,-1.06,-0.00,1019.86
9279,4.53,0.01,8.72,0.02,-1.05,-0.00,1019.86
9301,4.71,0.01,8.67,0.02,-0.96,0.02,1019.89
9323,4.94,-0.02,8.59,0.02,-0.92,0.03,1019.89
9345,5.07,0.02,8.40,0.01,-0.87,0.02,1019.82
9370,5.12,0.04,8.55,0.01,-0.85,0.04,1019.82
9391,5.53,-0.08,8.26,0.03,-0.90,0.05,1019.85
9411,5.60,-0.01,8.17,0.02,-0.90,0.04,1019.85
9432,5.66,-0.00,8.16,0.02,-0.89,0.05,1019.86
9452,5.81,-0.02,8.13,0.02,-0.90,0.06,1019.85
9473,6.01,-0.07,8.02,0.03,-0.91,0.07,1019.85
9493,6.16,-0.09,7.91,0.03,-0.93,0.06,1019.87
9514,6.44,-0.14,7.58,0.03,-0.95,0.04,1019.87
9534,6.45,-0.03,7.57,-0.00,-0.92,0.01,1019.85
9555,6.63,-0.09,7.52,0.00,-0.92,0.01,1019.85
9576,6.66,-0.05,7.47,0.01,-0.94,0.01,1019.86
9601,6.84,-0.02,7.15,0.03,-0.97,0.03,1019.86
9623,7.03,-0.06,7.09,0.03,-0.98,0.04,1019.86
9645,7.13,-0.04,6.82,0.03,-0.97,0.04,1019.86
9666,7.03,-0.06,6.99,0.03,-0.94,0.05,1019.84
9688,7.72,-0.18,6.31,0.05,-0.93,0.07,1019.84
9710,7.51,-0.07,6.51,0.05,-0.96,0.05,1019.85
9732,7.69,-0.10,6.36,0.06,-0.96,0.06,1019.85
9753,8.06,-0.13,5.71,0.05,-0.93,0.03,1019.85
9775,7.88,-0.05,5.98,0.03,-0.86,0.02,1019.85
9797,7.90,-0.07,6.08,0.03,-0.84,0.03,1019.85
9819,8.13,-0.05,5.69,0.04,-0.79,0.06,1019.89
9844,8.28,-0.07,5.39,0.05,-0.73,0.07,1019.89
9865,8.61,-0.17,5.05,0.05,-0.74,0.06,1019.84
9885,8.43,-0.08,5.23,0.03,-0.65,0.04,1019.84
9906,8.73,-0.16,4.92,0.04,-0.63,0.03,1019.86
9927,8.65,-0.12,4.95,0.03,-0.64,0.02,1019.86
9947,8.46,-0.08,5.34,0.05,-0.57,0.04,1019.86
9968,8.40,-0.10,5.23,0.06,-0.56,0.04,1019.86
9988,9.35,-0.15,4.13,0.09,-0.50,0.06,1019.84
10009,8.58,-0.01,4.69,0.05,-0.50,0.03,1019.84
10029,9.30,-0.20,3.85,0.05,-0.46,0.04,1019.84
10050,8.81,-0.06,4.55,0.01,-0.45,0.02,1019.84
10075,8.88,-0.10,4.45,0.02,-0.48,0.02,1019.85
10097,8.95,-0.06,4.22,0.02,-0.49,0.02,1019.85
10119,9.15,-0.14,4.02,0.04,-0.43,0.04,1019.85
10141,9.01,-0.10,4.11,0.01,-0.48,0.02,1019.85
10162,9.11,-0.12,3.93,-0.01,-0.49,0.01,1019.85
10184,9.15,-0.14,3.95,-0.02,-0.49,0.01,1019.86
10206,9.19,-0.13,3.77,-0.02,-0.49,0.01,1019.86
10228,9.38,-0.16,3.48,-0.04,-0.48,-0.00,1019.85
10249,9.22,-0.09,3.82,-0.03,-0.47,-0.00,1019.85
10271,9.28,-0.11,3.55,-0.02,-0.46,0.01,1019.85
10293,9.26,-0.07,3.57,-0.02,-0.47,0.01,1019.85
10319,9.42,-0.17,3.39,-0.02,-0.49,0.01,1019.85
10339,9.38,-0.13,3.25,-0.02,-0.50,0.01,1019.87
10360,9.39,-0.16,3.31,0.01,-0.51,0.01,1019.87
10380,9.43,-0.16,3.18,0.02,-0.51,0.01,1019.84
10401,9.48,-0.13,2.90,0.02,-0.50,0.02,1019.84
10421,9.53,-0.15,2.81,0.01,-0.50,0.02,1019.85
10442,9.51,-0.15,2.87,0.00,-0.48,0.02,1019.85
10462,9.56,-0.14,2.75,0.01,-0.47,0.02,1019.84
10483,9.58,-0.15,2.65,0.01,-0.48,0.02,1019.84
10503,9.59,-0.12,2.49,0.01,-0.48,0.02,1019.85
10524,9.65,-0.14,2.32,-0.00,-0.48,0.01,1019.85
10550,9.62,-0.14,2.32,-0.01,-0.48,0.01,1019.86
10571,9.70,-0.16,2.05,-0.00,-0.49,0.01,1019.86
10593,9.65,-0.16,2.22,-0.00,-0.49,0.01,1019.88
10615,9.63,-0.17,2.23,0.00,-0.51,0.02,1019.88
10637,9.76,-0.18,1.83,0.03,-0.54,0.02,1019.83
10658,9.79,-0.11,1.40,0.02,-0.51,0.01,1019.86
10680,9.80,-0.15,1.58,0.00,-0.48,0.01,1019.86
10702,9.81,-0.18,1.56,-0.02,-0.45,0.01,1019.86
10724,9.90,-0.16,0.82,-0.04,-0.43,0.00,1019.86
10746,9.87,-0.30,1.41,-0.05,-0.41,-0.00,1019.89
10767,9.85,-0.39,1.34,-0.05,-0.39,0.00,1019.89
10787,10.13,-0.00,1.15,-0.03,-0.34,-0.01,1019.88
10809,9.87,-0.16,1.11,-0.04,-0.32,-0.03,1019.88
10831,9.74,-0.28,0.97,-0.04,-0.30,-0.03,1019.88
10852,9.77,-0.26,1.20,-0.04,-0.28,-0.02,1019.88
10874,9.79,0.22,0.83,-0.02,-0.26,-0.02,1019.89
10896,9.93,-0.16,1.01,-0.02,-0.29,-0.00,1019.89
10918,9.94,-0.15,0.84,-0.00,-0.28,-0.01,1019.86
10939,9.93,-0.16,0.81,0.00,-0.26,-0.01,1019.84
10961,9.94,-0.13,0.77,0.00,-0.21,-0.02,1019.84
10983,9.86,-0.11,0.38,-0.00,-0.19,-0.03,1019.84
11008,9.83,-0.11,0.50,-0.02,-0.16,-0.03,1019.84
11029,9.69,-0.07,0.47,-0.03,-0.15,-0.02,1019.86
11050,9.77,-0.06,0.33,-0.04,-0.18,-0.00,1019.86
11070,9.93,-0.13,0.90,-0.04,-0.22,0.00,1019.85
11091,10.09,-0.18,0.66,-0.02,-0.23,-0.01,1019.85
11111,9.95,-0.33,0.56,0.00,-0.22,-0.03,1019.86
11132,10.08,0.06,0.50,0.01,-0.22,-0.04,1019.86
11152,9.87,-0.07,0.31,-0.00,-0.24,-0.04,1019.85
11173,9.81,-0.07,0.26,-0.01,-0.25,-0.04,1019.85
11193,9.76,-0.15,0.24,-0.02,-0.28,-0.04,1019.82
11214,10.01,-0.10,0.28,-0.02,-0.29,-0.03,1019.82
11232,9.89,0.03,0.20,-0.01,-0.30,-0.04,1019.84
11253,9.93,0.01,0.06,0.00,-0.30,-0.04,1019.84
11273,9.94,-0.01,0.12,0.01,-0.30,-0.05,1019.85
11294,9.87,-0.01,-0.03,0.01,-0.30,-0.05,1019.85
11315,9.97,-0.04,-0.04,0.01,-0.29,-0.05,1019.86
11335,9.90,-0.01,-0.25,0.01,-0.28,-0.06,1019.86
11356,9.69,-0.20,-0.29,0.01,-0.25,-0.06,1019.85
11376,9.89,0.10,-0.27,0.01,-0.23,-0.05,1019.85
11397,9.64,-0.04,-0.50,0.02,-0.18,-0.04,1019.84
11417,9.77,0.02,-0.42,0.01,-0.15,-0.02,1019.84
11443,9.82,0.20,-0.55,0.02,-0.08,-0.01,1019.83
11475,9.77,0.09,-0.49,0.01,-0.02,0.00,1019.84
11497,9.79,0.09,-0.54,0.01,0.02,0.01,1019.84
11519,9.79,0.08,-0.52,0.00,0.05,0.02,1019.84
11541,9.81,0.06,-0.45,-0.00,0.07,0.03,1019.84
11563,9.90,0.02,-0.35,-0.01,0.08,0.03,1019.84
11584,9.88,0.03,-0.30,-0.01,0.07,0.02,1019.85
11606,9.85,0.03,-0.32,-0.01,0.06,0.02,1019.85
11628,9.96,-0.00,-0.25,-0.02,0.05,0.02,1019.85
11650,9.86,0.03,-0.27,-0.01,0.05,0.01,1019.85
11672,9.76,0.07,-0.35,-0.01,0.04,0.01,1019.82
11697,9.86,0.03,-0.31,-0.01,0.02,0.02,1019.82
11718,9.89,0.01,-0.22,-0.01,0.02,0.02,1019.86
11738,9.93,-0.01,-0.24,-0.00,0.03,0.02,1019.86
11759,9.87,0.02,-0.31,0.01,0.04,0.01,1019.82
11780,9.84,0.02,-0.30,0.01,0.05,0.02,1019.82
11800,9.80,0.03,-0.35,0.00,0.06,0.02,1019.83
11821,9.87,0.00,-0.30,-0.00,0.06,0.02,1019.83
11841,9.93,0.00,-0.31,-0.01,0.09,0.02,1019.85
11862,9.91,-0.01,-0.26,-0.01,0.11,0.02,1019.85
11882,9.84,0.01,-0.30,-0.02,0.13,0.02,1019.83
11903,9.78,0.03,-0.28,-0.02,0.16,0.02,1019.83
11928,9.88,-0.00,-0.19,-0.03,0.19,0.04,1019.83
11950,9.84,-0.00,-0.13,-0.03,0.22,0.04,1019.82
11972,10.48,-0.09,-0.03,-0.12,0.28,0.06,1019.82
11994,9.72,0.02,-0.51,0.01,0.31,0.04,1019.79
12015,9.93,-0.06,0.06,0.01,0.32,0.05,1019.79
12037,9.83,-0.06,0.22,0.03,0.34,0.04,1019.84
12059,9.78,-0.05,0.45,0.03,0.38,0.05,1019.84
12081,9.91,-0.07,0.23,0.05,0.43,0.06,1019.84
12102,9.86,-0.07,0.32,0.04,0.45,0.06,1019.84
12124,9.87,-0.10,0.44,0.02,0.46,0.06,1019.84
12146,9.87,-0.12,0.63,0.02,0.47,0.06,1019.84
12171,9.79,-0.10,0.60,0.02,0.50,0.06,1019.84
12192,9.68,-0.08,0.61,0.01,0.52,0.08,1019.85
12213,9.75,-0.12,0.82,-0.01,0.54,0.09,1019.85
12233,11.07,-0.18,1.30,-0.02,0.55,0.10,1019.85
12254,10.07,-0.22,0.70,0.01,0.55,0.00,1019.85
12274,9.88,-0.21,1.34,-0.01,0.63,0.00,1019.86
12295,9.86,-0.19,1.25,-0.00,0.65,-0.02,1019.86
12315,9.73,-0.16,1.56,-0.02,0.68,-0.01,1019.82
12336,9.77,-0.17,1.57,-0.02,0.69,-0.01,1019.82
12357,9.71,-0.14,1.67,-0.03,0.69,-0.01,1019.88
12377,9.71,-0.18,1.99,-0.04,0.69,-0.01,1019.88
12403,10.05,-0.42,2.09,-0.12,0.70,-0.03,1019.85
12425,9.77,-0.17,2.00,-0.01,0.77,-0.01,1019.85
12446,9.60,-0.13,2.32,-0.01,0.80,-0.01,1019.85
12468,9.56,-0.15,2.61,-0.02,0.82,-0.01,1019.84
12490,9.52,-0.15,2.73,-0.02,0.84,-0.01,1019.84
12512,9.49,-0.14,2.84,-0.01,0.87,-0.01,1019.80
12533,9.40,-0.14,3.10,-0.00,0.92,-0.01,1019.80
12555,9.35,-0.14,3.23,-0.00,0.94,-0.01,1019.82
12577,9.24,-0.13,3.46,-0.02,0.96,-0.01,1019.82
12599,9.21,-0.13,3.66,-0.02,1.00,-0.01,1019.85
12624,9.11,-0.12,3.84,-0.03,1.02,-0.02,1019.85
12645,9.02,-0.12,4.03,-0.04,1.02,-0.02,1019.85
12665,9.00,-0.06,3.72,-0.06,0.99,-0.02,1019.85
12686,8.80,-0.12,4.54,-0.10,1.00,-0.03,1019.83
12707,8.80,-0.16,4.67,-0.09,1.01,-0.03,1019.83
12727,8.69,-0.16,4.88,-0.05,1.04,-0.04,1019.83
12748,8.59,-0.14,5.01,-0.03,1.07,-0.05,1019.83
12768,8.32,-0.03,5.11,-0.03,1.08,-0.05,1019.84
12789,8.34,-0.17,5.62,-0.09,1.03,-0.04,1019.83
12809,8.19,-0.02,5.05,-0.11,1.02,-0.04,1019.83
12830,8.16,-0.16,5.60,-0.12,1.04,-0.05,1019.85
12856,8.04,-0.18,6.09,-0.03,1.09,-0.08,1019.85
12877,7.60,0.04,5.96,-0.04,1.12,-0.09,1019.83
12899,7.73,-0.16,6.52,-0.07,1.17,-0.05,1019.83
12921,7.47,-0.11,6.22,-0.05,1.21,-0.05,1019.84
12943,7.10,0.11,6.78,-0.03,1.24,-0.03,1019.84
12964,7.08,-0.12,7.51,-0.02,1.18,-0.01,1019.85
12986,6.92,0.00,6.80,-0.01,1.13,-0.01,1019.85
13008,6.76,-0.07,7.28,-0.02,1.18,0.00,1019.82
13030,6.47,-0.03,7.61,0.00,1.24,0.01,1019.87
13051,6.28,-0.00,7.74,0.05,1.23,0.05,1019.87
13073,6.34,-0.11,7.76,0.07,1.17,0.05,1019.82
13099,6.06,-0.07,7.85,0.01,1.16,0.01,1019.82
13119,5.79,-0.04,8.07,-0.01,1.18,0.01,1019.79
13140,5.55,-0.03,8.13,0.02,1.18,0.02,1019.79
13161,5.44,-0.00,8.31,0.01,1.20,0.07,1019.81
13181,5.47,-0.20,8.40,0.00,1.18,0.04,1019.81
13202,5.17,-0.08,8.30,-0.01,1.21,-0.01,1019.82
13222,4.79,-0.05,8.74,-0.03,1.26,-0.02,1019.82
13243,4.39,0.04,8.99,-0.01,1.25,-0.01,1019.83
13263,4.37,-0.03,9.04,-0.02,1.19,0.01,1019.83
13284,4.06,-0.03,9.16,-0.01,1.15,0.02,1019.86
13304,3.93,-0.05,9.13,-0.01,1.16,0.03,1019.86
13330,3.90,-0.12,9.46,-0.01,1.14,0.01,1019.82
13352,3.40,0.00,9.58,0.02,1.05,-0.00,1019.82
13373,3.15,0.16,9.02,0.04,1.04,0.02,1019.82
13395,2.95,0.13,9.28,-0.02,1.03,0.06,1019.85
13417,2.75,-0.25,10.15,0.01,1.02,0.04,1019.85
13439,2.66,-0.05,9.93,0.07,1.00,0.01,1019.82
13460,2.45,0.05,9.42,0.06,0.97,0.00,1019.82
13482,2.13,0.06,9.98,0.02,0.89,0.01,1019.81
13504,2.32,0.02,10.01,0.01,0.83,0.00,1019.81
13525,2.27,0.03,10.19,0.04,0.79,-0.01,1019.85
13547,2.04,0.12,9.52,0.05,0.76,-0.02,1019.85
13573,1.62,0.12,9.81,-0.02,0.72,-0.01,1019.83
13593,1.39,0.08,10.27,-0.02,0.67,0.01,1019.83
13614,1.32,0.09,9.75,0.01,0.62,0.01,1019.83
13634,1.03,-0.12,10.21,-0.01,0.59,0.01,1019.83
13655,1.19,-0.09,9.38,0.01,0.63,-0.02,1019.83
13675,0.70,0.04,10.52,-0.02,0.60,-0.03,1019.84
13696,0.45,0.00,10.08,0.00,0.53,-0.02,1019.84
13716,1.03,-0.01,9.77,-0.02,0.48,-0.01,1019.83
13737,1.14,-0.12,9.87,-0.05,0.44,0.00,1019.83
13757,0.73,-0.08,10.26,-0.04,0.40,-0.01,1019.83
13778,0.05,0.07,9.66,-0.02,0.36,-0.04,1019.83
13804,-0.30,0.73,10.22,-0.05,0.33,-0.00,1019.84
13825,0.06,0.22,10.05,-0.00,0.30,0.07,1019.84
13847,0.54,-0.05,10.07,0.01,0.27,0.08,1019.78
13869,0.34,-0.08,9.79,0.01,0.27,0.06,1019.78
13891,0.15,0.06,9.95,-0.00,0.29,0.05,1019.82
13913,0.03,0.14,9.65,-0.06,0.30,0.07,1019.82
13934,-0.18,0.09,10.07,-0.11,0.22,0.09,1019.83
13956,0.18,-0.06,9.95,-0.13,0.13,0.10,1019.84
13978,0.28,-0.19,10.26,-0.04,0.15,0.05,1019.84
13999,-0.00,-0.08,10.04,-0.03,0.13,0.01,1019.84
14021,-0.06,-0.05,10.12,-0.02,0.11,0.01,1019.84
14047,-0.02,-0.05,10.01,0.00,0.03,0.01,1019.82
14067,-0.01,-0.04,9.98,0.00,0.03,0.01,1019.82
14088,-0.05,-0.03,9.99,0.00,0.05,0.01,1019.80
14109,-0.03,-0.05,9.99,0.00,0.04,0.01,1019.80
14134,-0.39,0.08,9.90,0.01,0.01,-0.02,1019.83
14155,0.04,-0.07,10.13,0.00,0.00,-0.01,1019.83
14176,-0.03,-0.03,10.05,0.03,0.01,-0.02,1019.83
14196,-0.00,-0.01,9.91,0.04,0.02,-0.03,1019.82
14217,-0.36,0.09,9.74,0.02,0.02,-0.02,1019.82
14237,-0.06,-0.01,10.03,0.00,0.00,0.00,1019.83
14263,-0.05,-0.01,9.94,0.00,0.00,0.00,1019.83
14285,-0.06,0.00,9.97,0.00,0.00,0.00,1019.81
14307,-0.06,-0.02,9.99,-0.00,0.00,0.00,1019.81
14328,-0.06,-0.00,9.98,-0.00,0.00,0.00,1019.81
14350,-0.06,-0.01,9.99,-0.00,0.00,0.00,1019.81
14372,-0.06,0.00,9.98,-0.00,0.00,0.00,1019.83
14394,-0.06,0.00,9.98,-0.00,0.00,0.00,1019.83
14416,-0.06,-0.00,9.99,-0.00,0.00,0.00,1019.86
14438,-0.06,-0.00,9.99,-0.00,0.00,0.00,1019.82
14459,-0.07,0.00,9.98,-0.00,0.00,0.00,1019.82
14481,-0.07,-0.01,10.00,-0.00,0.00,0.00,1019.81
14507,-0.06,-0.00,9.97,-0.00,0.00,0.00,1019.81
14527,-0.06,-0.00,9.99,-0.00,0.00,0.00,1019.81
14548,-0.05,-0.01,9.97,-0.00,0.00,0.00,1019.81
14568,-0.07,0.00,9.98,-0.00,0.00,0.00,1019.86
14589,-0.06,-0.01,9.98,-0.00,0.00,0.00,1019.86
14609,-0.06,-0.00,9.99,-0.00,0.00,0.00,1019.84
14630,-0.06,0.00,9.97,-0.00,0.00,0.00,1019.84
14651,-0.06,0.00,9.98,-0.00,0.00,0.00,1019.83
14671,-0.06,0.00,9.98,-0.00,0.00,0.00,1019.83
14692,-0.06,-0.01,9.99,-0.00,0.00,0.00,1019.82
14712,-0.06,0.01,9.93,-0.00,0.01,0.00,1019.82
14738,-0.06,0.01,9.97,-0.00,0.00,0.00,1019.82
14760,-0.04,-0.02,10.10,-0.03,-0.01,0.00,1019.84
14781,-0.09,0.06,9.52,-0.06,-0.02,0.00,1019.84
14803,-0.02,-0.13,10.57,-0.06,0.00,0.00,1019.84
14825,-0.06,-0.06,10.03,-0.01,0.01,0.00,1019.84
14847,-0.06,-0.03,9.98,-0.00,0.00,0.00,1019.79
14869,-0.05,-0.03,9.98,-0.00,0.00,0.00,1019.79
14890,-0.06,-0.05,10.00,-0.00,0.01,0.00,1019.84
14912,-0.05,-0.03,9.96,-0.01,0.01,0.00,1019.84
14934,-0.04,-0.03,9.98,-0.02,0.01,0.00,1019.83
14960,-0.04,-0.04,9.98,-0.05,0.01,0.00,1019.82
14980,-0.07,-0.06,9.99,-0.07,0.02,0.00,1019.82
15001,-0.05,-0.08,10.00,-0.07,0.02,0.00,1019.84
15022,-0.06,-0.08,10.01,-0.05,0.02,-0.00,1019.84
15043,-0.07,-0.08,9.99,-0.04,0.02,0.00,1019.83
15063,-0.06,-0.07,9.97,-0.03,0.02,0.00,1019.83
15084,-0.08,-0.13,10.01,-0.03,0.02,0.00,1019.85
15105,-0.07,-0.13,10.00,-0.02,0.01,0.01,1019.85
15126,-0.05,-0.11,9.97,-0.01,0.01,0.01,1019.84
15146,-0.03,-0.16,9.98,-0.02,0.01,0.02,1019.84
15167,-0.17,-0.07,9.99,-0.02,0.01,0.03,1019.83
15193,-0.07,-0.12,9.98,-0.01,0.01,0.01,1019.83
15215,-0.09,-0.10,9.99,-0.01,0.01,0.00,1019.82
15237,-0.10,-0.07,10.04,-0.02,0.01,0.00,1019.82
15259,-0.09,-0.11,10.00,-0.05,0.02,-0.00,1019.82
15281,-0.11,-0.07,9.96,-0.04,0.02,-0.01,1019.82
15303,-0.06,-0.19,9.95,-0.01,0.01,-0.00,1019.82
15325,-0.08,-0.14,9.98,-0.00,0.00,0.00,1019.81
15347,-0.09,-0.12,10.01,-0.02,0.01,0.01,1019.81
15369,-0.09,-0.17,9.97,-0.05,0.01,0.00,1019.80
15391,-0.08,-0.16,9.98,-0.07,0.01,0.01,1019.80
15413,-0.07,-0.10,10.11,-0.09,0.01,0.01,1019.84
15433,-0.10,-0.10,10.16,-0.17,0.02,0.01,1019.84
15455,-0.08,-0.21,10.16,-0.34,0.02,0.02,1019.81
15477,-0.11,-0.31,10.00,-0.41,0.02,0.02,1019.81
15499,-0.14,-0.41,9.93,-0.41,0.02,0.02,1019.83
15521,-0.12,-0.56,9.93,-0.41,0.03,0.01,1019.83
15543,-0.09,-0.56,10.06,-0.42,0.03,0.01,1019.84
15565,-0.12,-0.59,10.14,-0.47,0.03,0.01,1019.82
15587,-0.13,-0.76,10.12,-0.61,0.03,0.01,1019.82
15609,-0.12,-0.91,10.03,-0.68,0.03,0.01,1019.81
15631,-0.13,-1.04,10.01,-0.72,0.03,0.01,1019.81
15657,-0.14,-1.24,9.99,-0.79,0.03,0.01,1019.84
15677,-0.17,-1.42,9.94,-0.85,0.04,0.00,1019.84
15698,-0.11,-1.52,9.99,-0.88,0.04,0.00,1019.85
15719,-0.19,-1.73,9.89,-0.94,0.04,0.00,1019.85
15740,-0.17,-2.02,9.81,-1.02,0.04,-0.01,1019.81
15760,-0.15,-2.19,9.80,-1.05,0.04,-0.01,1019.81
15781,-0.16,-2.36,9.75,-1.05,0.04,-0.01,1019.86
15802,-0.20,-2.57,9.64,-1.09,0.05,-0.01,1019.86
15823,-0.17,-2.81,9.48,-1.11,0.04,-0.01,1019.82
15843,-0.20,-3.12,9.39,-1.01,0.04,0.01,1019.82
15864,-0.18,-3.29,9.35,-0.96,0.03,0.02,1019.82
15890,-0.19,-3.45,9.26,-0.92,0.03,0.02,1019.82
15912,-0.20,-3.63,9.33,-0.88,0.03,0.02,1019.82
15934,-0.21,-3.73,9.37,-0.92,0.03,0.02,1019.83
15956,-0.19,-3.96,9.18,-0.95,0.03,0.01,1019.83
15978,-0.20,-4.23,9.01,-0.94,0.03,0.01,1019.83
16000,-0.20,-4.37,8.94,-0.92,0.03,0.01,1019.83
16022,-0.20,-4.45,8.98,-0.90,0.03,0.01,1019.83
16044,-0.20,-4.62,9.02,-0.98,0.03,0.01,1019.84
16066,-0.25,-4.87,8.72,-1.06,0.03,0.01,1019.84
16088,-0.21,-5.04,8.62,-1.09,0.03,0.01,1019.83
16114,-0.22,-5.27,8.57,-1.09,0.04,0.01,1019.83
16134,-0.24,-5.45,8.45,-1.11,0.03,0.01,1019.84
16155,-0.27,-5.72,8.10,-1.13,0.04,0.01,1019.84
16176,-0.28,-5.99,7.88,-1.10,0.04,-0.00,1019.82
16197,-0.18,-6.14,7.78,-1.02,0.06,-0.02,1019.82
16217,-0.22,-6.28,7.66,-0.94,0.06,-0.02,1019.80
16238,-0.29,-6.28,7.79,-0.91,0.06,-0.01,1019.80
16259,-0.24,-6.37,7.77,-0.93,0.04,-0.00,1019.82
16280,-0.29,-6.61,7.42,-0.97,0.03,0.01,1019.82
16301,-0.29,-6.86,7.19,-0.93,0.04,0.01,1019.79
16321,-0.25,-6.92,7.24,-0.89,0.03,0.01,1019.79
16347,-0.27,-7.04,7.06,-0.87,0.02,0.01,1019.83
16369,-0.25,-7.22,6.90,-0.84,0.03,0.01,1019.82
16391,-0.29,-7.33,6.77,-0.84,0.03,0.01,1019.82
16413,-0.29,-7.45,6.59,-0.83,0.03,0.01,1019.86
16435,-0.30,-7.51,6.58,-0.79,0.03,0.01,1019.86
16457,-0.30,-7.65,6.35,-0.76,0.02,0.01,1019.82
16479,-0.32,-7.78,6.22,-0.74,0.03,0.01,1019.82
16501,-0.27,-7.89,6.09,-0.70,0.03,0.01,1019.83
16523,-0.28,-7.93,6.06,-0.70,0.03,0.01,1019.83
16545,-0.26,-8.02,5.97,-0.73,0.02,0.01,1019.85
16571,-0.32,-8.18,5.68,-0.76,0.03,0.01,1019.83
16591,-0.27,-8.19,5.77,-0.75,0.03,0.01,1019.83
16612,-0.29,-8.30,5.56,-0.74,0.02,0.01,1019.83
16633,-0.29,-8.40,5.38,-0.76,0.03,0.01,1019.83
16654,-0.29,-8.46,5.29,-0.78,0.03,0.01,1019.82
16674,-0.30,-8.50,5.26,-0.81,0.03,0.01,1019.82
16695,-0.31,-8.57,5.11,-0.86,0.03,0.01,1019.81
16716,-0.30,-8.67,4.92,-0.91,0.03,0.01,1019.81
16737,-0.31,-8.72,4.79,-0.95,0.03,0.01,1019.83
16757,-0.30,-8.89,4.50,-0.99,0.03,0.01,1019.83
16779,-0.31,-8.97,4.28,-1.01,0.03,0.01,1019.85
16809,-0.31,-9.09,4.02,-1.02,0.03,0.01,1019.89
16832,-0.31,-9.18,3.83,-1.02,0.03,0.01,1019.89
16854,-0.32,-9.24,3.66,-1.03,0.03,0.01,1019.81
16876,-0.30,-9.31,3.45,-1.05,0.03,0.01,1019.81
16898,-0.31,-9.40,3.12,-1.08,0.03,0.01,1019.83
16920,-0.31,-9.52,2.86,-1.08,0.03,0.01,1019.83
16942,-0.31,-9.60,2.65,-1.05,0.04,0.01,1019.82
16964,-0.32,-9.66,2.43,-1.00,0.03,0.01,1019.82
16986,-0.32,-9.71,2.19,-0.91,0.03,0.01,1019.83
17008,-0.31,-9.73,2.07,-0.86,0.03,0.01,1019.83
17030,-0.33,-9.75,1.94,-0.84,0.03,0.01,1019.79
17055,-0.30,-9.79,1.75,-0.79,0.03,0.01,1019.82
17076,-0.32,-9.84,1.58,-0.75,0.03,0.01,1019.82
17097,-0.33,-9.86,1.38,-0.71,0.02,0.01,1019.82
17118,-0.32,-9.89,1.27,-0.66,0.03,0.01,1019.82
17139,-0.33,-9.90,1.12,-0.60,0.02,0.01,1019.83
17159,-0.32,-9.89,1.09,-0.58,0.02,0.01,1019.83
17180,-0.32,-9.89,1.00,-0.57,0.02,0.01,1019.84
17201,-0.31,-9.94,0.75,-0.57,0.02,0.01,1019.84
17222,-0.30,-9.96,0.66,-0.53,0.02,0.01,1019.82
17242,-0.30,-9.94,0.64,-0.47,0.02,0.01,1019.82
17268,-0.31,-9.95,0.53,-0.43,0.02,0.01,1019.83
17290,-0.31,-9.93,0.47,-0.39,0.02,0.01,1019.82
17312,-0.33,-9.94,0.35,-0.38,0.02,0.00,1019.82
17334,-0.29,-9.94,0.30,-0.37,0.02,0.00,1019.82
17356,-0.31,-9.94,0.20,-0.36,0.02,0.00,1019.82
17378,-0.34,-9.94,0.13,-0.35,0.01,0.00,1019.84
17400,-0.34,-9.94,0.07,-0.34,0.01,0.00,1019.84
17422,-0.31,-9.95,-0.01,-0.32,0.02,0.00,1019.82
17444,-0.27,-9.97,-0.13,-0.27,0.01,0.00,1019.82
17466,-0.29,-9.92,-0.09,-0.23,0.01,0.00,1019.82
17488,-0.31,-9.94,-0.15,-0.22,0.02,0.00,1019.82
17514,-0.29,-9.94,-0.25,-0.21,0.01,0.00,1019.80
17535,-0.30,-9.94,-0.25,-0.20,0.01,0.00,1019.84
17556,-0.31,-9.95,-0.34,-0.19,0.01,0.00,1019.84
17576,-0.27,-9.95,-0.22,-0.18,-0.02,0.00,1019.82
17597,-0.29,-9.95,-0.42,-0.14,0.00,0.00,1019.82
17618,-0.32,-9.94,-0.44,-0.10,0.00,0.00,1019.83
17639,-0.30,-9.95,-0.31,-0.08,-0.00,0.00,1019.83
17659,-0.31,-9.92,-0.31,-0.07,0.00,0.00,1019.82
17680,-0.29,-9.94,-0.44,-0.05,0.00,0.00,1019.82
17701,-0.29,-9.94,-0.46,-0.03,0.00,0.00,1019.82
17727,-0.30,-9.93,-0.43,-0.01,0.01,0.00,1019.82
17749,-0.32,-9.92,-0.44,-0.01,0.00,0.00,1019.86
17771,-0.30,-9.92,-0.43,0.00,0.00,0.00,1019.86
17793,-0.30,-9.92,-0.40,0.01,0.01,0.01,1019.85
17815,-0.30,-9.90,-0.37,0.01,0.00,0.00,1019.84
17837,-0.30,-9.92,-0.39,0.01,0.00,0.00,1019.84
17859,-0.30,-9.94,-0.42,0.01,0.00,0.00,1019.84
17881,-0.30,-9.92,-0.40,0.03,0.00,0.00,1019.84
17903,-0.29,-9.92,-0.39,0.03,0.00,0.00,1019.81
17925,-0.30,-9.92,-0.38,0.03,0.00,0.00,1019.81
17947,-0.30,-9.93,-0.39,0.03,0.00,0.01,1019.84
17973,-0.29,-9.94,-0.41,0.03,0.00,0.01,1019.85
17993,-0.30,-9.93,-0.41,0.06,0.00,0.01,1019.85
18014,-0.31,-9.92,-0.34,0.08,0.00,0.01,1019.82
18035,-0.30,-9.93,-0.32,0.08,0.00,0.00,1019.82
18056,-0.29,-9.95,-0.37,0.10,0.00,0.01,1019.79
18076,-0.29,-9.96,-0.36,0.14,0.00,0.01,1019.79
18097,-0.30,-9.96,-0.33,0.18,0.00,0.01,1019.82
18118,-0.31,-9.95,-0.25,0.23,0.00,0.01,1019.82
18139,-0.30,-9.96,-0.21,0.26,0.00,0.01,1019.80
18159,-0.31,-9.95,-0.13,0.29,0.00,0.01,1019.80
18180,-0.30,-9.99,-0.16,0.34,0.00,0.01,1019.83
18206,-0.32,-9.99,-0.02,0.41,0.00,0.01,1019.83
18228,-0.30,-9.97,0.05,0.47,-0.00,0.00,1019.82
18250,-0.32,-9.96,0.17,0.53,0.00,0.00,1019.82
18272,-0.30,-9.96,0.36,0.59,-0.01,0.00,1019.81
18294,-0.33,-9.97,0.41,0.65,-0.00,-0.00,1019.81
18316,-0.29,-9.93,0.57,0.71,-0.01,-0.00,1019.84
18338,-0.32,-9.94,0.73,0.77,-0.01,-0.00,1019.86
18360,-0.31,-9.85,1.04,0.77,-0.00,-0.00,1019.86
18382,-0.34,-9.83,1.21,0.76,-0.01,-0.00,1019.84
18404,-0.34,-9.83,1.34,0.72,-0.01,-0.00,1019.84
18430,-0.27,-9.84,1.47,0.71,-0.01,-0.00,1019.85
18450,-0.28,-9.84,1.55,0.73,-0.01,-0.00,1019.85
18471,-0.27,-9.84,1.70,0.78,-0.01,-0.00,1019.83
18492,-0.30,-9.78,1.89,0.80,-0.01,-0.00,1019.83
18513,-0.30,-9.74,2.06,0.83,-0.01,-0.00,1019.81
18533,-0.33,-9.69,2.25,0.85,-0.01,-0.00,1019.81
18554,-0.31,-9.63,2.44,0.85,-0.01,-0.00,1019.82
18575,-0.31,-9.58,2.65,0.85,-0.01,-0.00,1019.82
18596,-0.31,-9.55,2.82,0.85,-0.02,-0.00,1019.82
18616,-0.29,-9.50,2.93,0.85,-0.02,-0.00,1019.80
18637,-0.38,-9.35,3.25,0.86,-0.02,0.00,1019.80
18663,-0.27,-9.44,3.24,0.87,-0.01,-0.00,1019.82
18685,-0.33,-9.34,3.41,0.90,-0.01,-0.00,1019.82
18707,-0.28,-9.30,3.57,0.93,-0.01,-0.00,1019.82
18729,-0.29,-9.18,3.83,0.97,-0.02,-0.00,1019.82
18751,-0.32,-9.09,4.03,1.00,-0.02,-0.00,1019.84
18773,-0.31,-8.99,4.23,1.02,-0.02,-0.00,1019.84
18795,-0.28,-8.90,4.43,1.05,-0.02,-0.00,1019.79
18817,-0.31,-8.79,4.62,1.07,-0.02,0.00,1019.83
18839,-0.29,-8.72,4.79,1.08,-0.02,0.00,1019.83
18861,-0.29,-8.60,4.96,1.13,-0.03,0.00,1019.80
18887,-0.29,-8.42,5.25,1.18,-0.03,0.00,1019.80
18907,-0.31,-8.18,5.61,1.20,-0.03,0.00,1019.84
18928,-0.30,-8.12,5.75,1.20,-0.03,0.00,1019.84
18949,-0.29,-7.96,5.96,1.22,-0.03,0.00,1019.82
18970,-0.29,-7.87,6.05,1.24,-0.03,-0.00,1019.82
18990,-0.27,-7.77,6.11,1.29,-0.04,-0.00,1019.83
19011,-0.30,-7.60,6.34,1.36,-0.03,0.00,1019.83
19032,-0.29,-7.23,6.77,1.42,-0.04,0.00,1019.81
19053,-0.29,-7.01,7.04,1.41,-0.04,0.00,1019.81
19073,-0.27,-6.89,7.15,1.41,-0.03,-0.00,1019.79
19094,-0.29,-6.71,7.28,1.42,-0.04,0.00,1019.79
19120,-0.22,-6.47,7.46,1.45,-0.04,-0.00,1019.85
19142,-0.21,-6.17,7.80,1.46,-0.04,-0.00,1019.82
19164,-0.25,-5.91,8.03,1.46,-0.05,0.00,1019.82
19186,-0.22,-5.66,8.20,1.40,-0.04,0.00,1019.81
19208,-0.24,-5.48,8.18,1.39,-0.06,0.01,1019.81
19230,-0.25,-5.20,8.40,1.44,-0.06,0.01,1019.80
19252,-0.26,-4.72,8.90,1.46,-0.04,-0.00,1019.80
19274,-0.25,-4.49,9.01,1.38,-0.04,-0.01,1019.81
19296,-0.20,-4.37,9.00,1.31,-0.04,-0.01,1019.81
19318,-0.20,-4.16,9.15,1.26,-0.04,-0.03,1019.84
19343,-0.24,-3.91,9.10,1.25,-0.03,-0.03,1019.82
19364,-0.21,-3.59,9.19,1.31,-0.03,-0.03,1019.82
19385,-0.28,-3.35,9.35,1.35,-0.03,-0.05,1019.82
19406,-0.31,-3.10,9.49,1.35,-0.01,-0.11,1019.82
19426,-0.15,-2.75,9.60,1.34,0.00,-0.13,1019.81
19448,-0.19,-2.53,9.71,1.30,-0.00,-0.11,1019.81
19473,-0.23,-2.13,9.98,1.19,-0.01,-0.11,1019.81
19494,-0.12,-1.92,10.12,1.06,-0.01,-0.12,1019.81
19515,-0.22,-1.58,9.97,0.93,-0.00,-0.11,1019.79
19535,-0.15,-1.48,10.05,0.84,0.31,-0.11,1019.79
19556,0.07,-1.59,10.02,0.67,-0.00,-0.10,1019.79
19582,0.07,-1.77,9.99,0.59,-0.01,-0.05,1019.83
19604,-0.12,-1.28,10.01,0.48,-0.01,0.00,1019.83
19626,-0.10,-1.21,9.99,0.43,-0.01,0.00,1019.80
19648,-0.12,-1.17,9.98,0.40,-0.01,0.00,1019.80
19670,-0.12,-1.07,9.99,0.33,-0.01,0.00,1019.80
19692,-0.12,-1.04,9.93,0.32,-0.01,0.00,1019.80
19714,-0.11,-0.96,9.95,0.32,-0.01,0.00,1019.82
19736,-0.11,-0.84,10.00,0.33,-0.01,0.00,1019.82
19758,-0.11,-0.78,10.02,0.30,-0.01,0.00,1019.77
19780,-0.11,-0.76,9.99,0.27,-0.01,0.00,1019.77
19806,-0.09,-0.66,10.01,0.28,-0.01,0.00,1019.81
19827,-0.11,-0.61,10.02,0.27,-0.01,0.00,1019.82
19848,-0.10,-0.60,9.94,0.26,-0.01,0.00,1019.82
19868,-0.08,-0.52,10.01,0.30,-0.01,0.00,1019.83
19889,-0.10,-0.48,9.87,0.33,-0.02,-0.00,1019.83
19910,-0.06,-0.29,10.18,0.37,-0.01,-0.00,1019.78
19931,-0.10,-0.17,10.23,0.27,-0.01,0.00,1019.78
19951,-0.13,-0.25,10.07,0.05,0.00,0.01,1019.85
19972,-0.04,-0.28,10.02,0.02,-0.01,0.01,1019.85
19993,-0.11,-0.31,9.92,0.06,-0.00,0.02,1019.80
20014,-0.10,-0.35,9.86,0.08,0.00,0.02,1019.80
20040,-0.12,-0.31,9.82,0.15,-0.01,0.01,1019.80
20061,-0.17,-0.25,9.79,0.10,0.00,0.00,1019.80
20083,0.00,-0.05,10.39,0.09,-0.00,0.00,1019.81
20105,-0.11,-0.22,9.82,0.12,-0.01,0.00,1019.79
20127,-0.12,-0.13,10.01,0.09,-0.02,0.00,1019.79
20149,-0.15,-0.31,9.59,0.04,-0.01,0.00,1019.83
20171,-0.18,-0.29,10.07,0.03,-0.00,0.00,1019.83
20193,-0.07,-0.10,10.01,-0.00,0.01,0.01,1019.83
20215,-0.08,-0.13,10.04,0.03,-0.02,0.00,1019.83
20237,-0.06,-0.18,10.12,0.08,-0.02,0.00,1019.82
20259,-0.05,0.03,9.88,0.13,-0.02,0.00,1019.82
20285,-0.03,0.05,9.87,0.05,-0.01,0.00,1019.85
20306,-0.06,-0.03,9.97,0.01,0.00,0.00,1019.81
20327,-0.05,-0.05,10.00,0.00,0.00,0.00,1019.81
20347,-0.06,-0.04,9.99,0.00,0.00,0.00,1019.81
20368,-0.07,-0.06,10.06,0.00,0.01,0.00,1019.81
20389,-0.11,0.02,9.64,0.04,0.02,0.00,1019.81
20410,-0.06,-0.03,10.05,0.01,0.01,0.00,1019.81
20430,-0.05,-0.02,10.00,-0.01,0.00,0.00,1019.82
20451,-0.06,-0.02,9.99,-0.01,0.00,0.00,1019.82
20472,-0.05,-0.04,10.04,-0.01,0.00,0.00,1019.79
20498,-0.04,-0.01,10.00,-0.00,0.00,0.00,1019.79
20520,-0.05,-0.02,10.02,-0.01,0.00,0.00,1019.80
20542,-0.06,-0.02,10.00,0.00,0.01,0.00,1019.80
20564,-0.05,-0.01,10.00,-0.00,0.00,0.00,1019.79
20586,-0.05,-0.03,10.02,0.00,0.01,0.00,1019.84
20608,-0.06,-0.02,10.00,0.01,0.01,0.00,1019.84
20630,-0.06,-0.00,9.93,-0.00,0.01,0.00,1019.82
20652,-0.05,-0.03,10.00,-0.00,0.00,0.00,1019.82
20674,-0.06,-0.03,9.99,-0.00,0.00,0.00,1019.82
20696,-0.05,-0.01,9.98,-0.00,0.00,0.00,1019.82
20718,-0.06,-0.02,9.98,-0.00,0.00,0.00,1019.81
20743,-0.05,-0.01,9.99,-0.00,0.00,0.00,1019.81
20764,-0.06,-0.02,9.98,-0.00,0.00,0.00,1019.82
20785,-0.05,-0.01,9.98,-0.00,0.00,0.00,1019.82
20806,-0.06,-0.01,9.98,-0.00,0.00,0.00,1019.80
20826,-0.06,-0.02,9.99,-0.00,0.00,0.00,1019.86
20847,-0.06,-0.03,9.98,-0.00,0.00,0.00,1019.86
20868,-0.05,-0.05,10.12,0.00,0.01,0.00,1019.84
20889,-0.07,0.02,9.84,0.01,0.01,0.00,1019.84
20909,-0.07,-0.01,9.96,0.01,0.01,0.00,1019.79
20930,0.11,0.21,8.84,-0.00,0.03,0.01,1019.79
20951,-0.09,0.04,9.65,0.01,0.02,0.00,1019.81
20977,-0.06,0.03,9.79,0.01,0.01,0.02,1019.81
20999,-0.06,-0.01,9.99,-0.00,0.01,0.01,1019.86
21021,-0.33,-0.69,9.99,0.00,0.01,0.05,1019.86
21043,-0.31,-0.57,9.88,-0.00,0.01,0.14,1019.82
21064,-0.28,-0.48,10.02,-0.01,0.01,0.24,1019.82
21086,-0.33,-0.51,9.89,-0.01,0.01,0.34,1019.81
21108,-0.19,-0.06,10.04,-0.01,0.01,0.46,1019.78
21130,0.12,0.12,10.03,-0.01,0.01,0.47,1019.78
21152,0.21,0.14,9.91,-0.00,0.01,0.43,1019.80
21174,0.08,0.67,10.05,-0.01,0.01,0.31,1019.80
21200,-0.08,0.43,10.05,-0.01,0.00,0.26,1019.81
21221,-0.63,-0.22,10.07,-0.00,0.01,0.31,1019.81
21242,-0.22,-0.30,9.97,-0.00,0.01,0.41,1019.75
21263,-0.18,-0.32,9.93,-0.01,0.01,0.43,1019.75
21283,0.20,-0.26,10.06,-0.01,0.01,0.46,1019.81
21304,-0.09,-0.56,9.93,-0.00,0.01,0.46,1019.81
21325,-0.03,-0.11,10.13,-0.01,0.01,0.51,1019.82
21346,-0.40,-0.22,10.11,-0.01,0.01,0.56,1019.82
21366,-0.33,-0.06,10.11,-0.01,0.01,0.65,1019.80
21387,-0.03,-0.38,9.97,-0.01,0.01,0.70,1019.80
21408,0.01,-0.17,9.87,-0.00,0.02,0.72,1019.81
21434,-0.48,-0.37,9.80,-0.01,0.01,0.72,1019.81
21456,-0.39,-1.23,10.23,-0.01,0.01,0.84,1019.81
21478,1.08,-0.31,12.04,0.00,0.03,0.98,1019.85
21500,-0.19,-1.37,12.06,-0.10,-0.02,1.01,1019.85
21522,0.09,-0.29,9.87,-0.02,0.02,1.04,1019.83
21544,0.11,0.09,9.85,-0.01,0.01,1.01,1019.83
21566,0.06,0.05,9.92,-0.02,0.01,0.98,1019.79
21588,-0.03,0.08,9.89,-0.02,0.01,0.98,1019.79
21610,0.16,0.23,10.01,-0.03,0.02,0.97,1019.82
21632,-0.05,0.19,9.91,-0.03,0.02,0.98,1019.77
21653,0.09,0.86,9.96,-0.03,0.02,0.99,1019.77
21679,0.20,1.19,10.11,-0.04,0.02,1.01,1019.80
21700,0.35,1.06,9.94,-0.02,0.02,1.01,1019.80
21721,0.42,0.49,10.00,-0.03,0.02,0.98,1019.79
21742,-0.10,0.42,10.03,-0.03,0.01,0.98,1019.79
21762,0.06,-0.07,10.04,-0.02,0.01,1.00,1019.84
21783,-0.10,0.11,10.11,-0.01,0.01,1.04,1019.84
21804,0.02,-0.13,10.00,-0.01,0.01,1.02,1019.77
21825,0.33,-0.38,10.04,-0.02,0.01,1.02,1019.77
21845,0.12,-0.08,10.00,-0.01,0.00,0.96,1019.81
21866,0.05,-0.31,9.97,0.00,0.01,0.90,1019.81
21887,-0.50,-0.02,9.84,0.01,0.01,0.87,1019.80
21913,-0.36,-0.29,10.04,-0.02,0.01,1.06,1019.82
21935,0.10,-0.30,9.98,-0.01,0.00,1.06,1019.82
21957,-0.23,-0.42,9.99,-0.01,0.00,0.93,1019.79
21979,0.01,-0.01,9.97,-0.01,0.00,0.91,1019.79
22001,0.13,0.16,10.01,-0.01,0.00,0.89,1019.81
22023,-0.01,0.03,9.99,-0.01,0.00,0.89,1019.81
22045,-0.14,0.05,9.96,-0.01,0.00,0.91,1019.79
22066,-0.23,-0.14,10.07,-0.01,0.01,0.95,1019.79
22088,0.38,0.21,10.06,-0.01,0.01,1.00,1019.81
22110,0.16,0.19,10.02,-0.01,0.01,1.00,1019.81
22143,-0.06,0.12,10.24,-0.03,-0.04,0.89,1019.78
22163,-0.14,-0.10,9.96,-0.01,0.01,0.95,1019.82
22185,-0.45,-0.21,9.91,-0.01,0.01,0.95,1019.82
22207,-0.23,-0.01,9.94,-0.01,0.01,1.02,1019.79
22229,0.14,-0.24,9.99,-0.01,0.01,1.11,1019.79
22251,0.60,0.00,9.97,-0.01,0.01,1.08,1019.82
22273,0.22,0.02,9.98,-0.01,0.01,1.05,1019.82
22295,-0.34,-0.26,10.01,-0.01,0.01,0.98,1019.83
22317,0.07,-0.04,10.00,-0.01,0.01,1.00,1019.77
22339,-0.18,-0.18,9.96,-0.01,0.00,1.02,1019.77
22361,-0.14,-0.11,9.96,-0.01,0.01,1.07,1019.82
22398,-0.69,-0.34,9.91,-0.01,0.01,1.13,1019.80
22420,0.14,-0.15,10.32,-0.01,0.01,1.19,1019.80
22441,-0.09,-0.15,9.93,-0.02,0.01,1.15,1019.79
22463,0.10,0.17,10.14,0.01,0.01,1.14,1019.79
22485,-0.77,-0.29,9.96,-0.03,0.01,1.26,1019.82
22506,-0.01,0.06,10.04,-0.01,0.01,1.38,1019.82
22528,-0.00,0.12,10.14,-0.01,0.01,1.32,1019.81
22550,-0.04,-0.14,10.07,-0.01,0.01,1.27,1019.81
22571,0.73,0.07,9.93,-0.01,0.01,1.28,1019.81
22593,0.43,-0.03,9.96,-0.01,0.01,1.18,1019.81
22615,0.05,-0.04,9.97,-0.01,0.01,1.12,1019.80
22641,0.47,0.11,9.98,-0.01,0.01,1.09,1019.82
22663,0.64,0.16,10.03,-0.01,0.01,1.03,1019.82
22685,-0.11,0.00,9.98,-0.01,0.01,0.96,1019.79
22707,-0.16,0.04,9.92,-0.01,0.01,0.96,1019.79
22729,-0.15,0.04,9.98,-0.00,0.01,0.91,1019.79
22750,0.13,0.22,10.05,-0.01,0.01,0.92,1019.79
22772,-0.11,0.00,9.97,-0.01,0.01,0.95,1019.80
22794,0.54,0.11,9.97,-0.01,0.01,0.89,1019.80
22816,0.28,0.03,9.98,-0.01,0.01,0.80,1019.80
22837,0.20,0.12,10.01,-0.01,0.01,0.75,1019.80
22859,0.05,0.06,9.97,-0.01,0.01,0.69,1019.80
22885,-0.07,0.03,10.00,-0.01,0.01,0.70,1019.79
22906,0.44,0.13,10.06,-0.01,0.01,0.69,1019.79
22926,0.28,0.21,9.87,-0.00,0.01,0.61,1019.82
22947,0.16,0.09,10.01,-0.00,0.01,0.55,1019.82
22967,0.20,0.26,9.97,-0.01,0.01,0.52,1019.80
22988,0.39,0.30,10.01,-0.01,0.01,0.44,1019.80
23009,0.19,0.31,10.00,-0.01,0.01,0.33,1019.78
23029,0.18,0.26,10.00,-0.00,0.01,0.26,1019.78
23050,0.17,0.30,9.98,-0.00,0.01,0.20,1019.77
23070,0.25,0.28,9.98,-0.00,0.01,0.13,1019.77
23091,0.14,0.32,9.98,-0.00,0.01,0.06,1019.81
23116,-0.03,0.07,9.96,-0.00,0.00,0.00,1019.81
23138,-0.03,0.06,9.99,-0.01,0.00,0.00,1019.79
23160,-0.03,0.08,9.99,-0.00,0.00,0.00,1019.80
23182,-0.03,0.07,9.98,-0.00,0.00,0.00,1019.80
23203,-0.01,0.07,9.99,-0.00,0.00,0.00,1019.79
23225,-0.01,0.07,9.98,-0.00,0.00,0.00,1019.79
23247,-0.02,0.07,9.99,-0.00,0.01,0.00,1019.78
23269,-0.02,0.07,9.99,-0.00,0.00,0.00,1019.78
23291,-0.03,0.07,9.98,-0.00,0.00,0.00,1019.80
23312,-0.03,0.08,9.98,-0.00,0.00,0.00,1019.80
23334,-0.02,0.07,9.98,-0.00,0.01,0.00,1019.81
23360,-0.03,0.07,9.96,-0.00,0.01,0.00,1019.80
23380,-0.03,0.07,9.99,-0.00,0.00,0.00,1019.80
23401,-0.02,0.07,9.98,-0.00,0.00,0.00,1019.79
23422,0.02,0.13,10.00,-0.00,0.00,0.00,1019.79
23442,-0.05,0.01,9.98,0.00,0.01,-0.00,1019.80
23463,-0.02,0.08,9.98,-0.00,0.01,0.00,1019.80
23483,-0.03,0.08,9.98,-0.00,0.01,0.00,1019.78
23504,-0.03,0.07,9.98,-0.00,0.00,0.00,1019.78
23524,-0.03,0.07,9.99,-0.00,0.01,0.00,1019.77
23545,-0.04,0.08,9.98,-0.00,0.01,0.00,1019.77
23565,-0.05,0.08,9.98,-0.00,0.00,0.00,1019.76
23591,-0.03,0.07,9.99,-0.00,0.01,0.00,1019.76
23613,0.07,0.13,9.97,0.00,0.01,0.00,1019.78
23635,0.25,0.22,9.99,0.00,0.00,-0.03,1019.78
23656,0.28,0.23,9.98,-0.00,0.00,-0.10,1019.76
23678,0.12,0.17,10.04,0.00,0.00,-0.16,1019.76
23700,0.32,0.31,9.95,0.00,0.00,-0.18,1019.75
23722,0.09,0.09,10.02,-0.00,0.01,-0.27,1019.77
23743,0.13,0.16,10.04,-0.00,0.00,-0.29,1019.77
23765,0.24,0.21,10.01,-0.00,0.00,-0.34,1019.80
23787,0.17,0.15,10.05,-0.00,0.00,-0.41,1019.80
23809,0.91,0.51,9.97,0.00,-0.00,-0.50,1019.78
23834,0.06,0.11,9.95,0.00,0.00,-0.61,1019.78
23855,0.46,0.22,10.08,-0.00,-0.00,-0.61,1019.74
23875,-0.08,0.07,9.80,-0.00,0.00,-0.62,1019.74
23896,-0.05,-0.03,10.78,-0.00,-0.01,-0.63,1019.80
23917,0.33,0.14,9.93,0.00,0.00,-0.68,1019.80
23937,0.50,0.32,9.83,-0.01,0.00,-0.74,1019.79
23958,0.53,0.28,9.95,-0.01,-0.00,-0.80,1019.79
23978,0.41,0.25,10.12,0.00,-0.00,-0.87,1019.76
23999,-0.10,0.24,9.76,0.01,0.00,-0.94,1019.76
24019,0.07,0.04,10.31,0.00,-0.00,-0.97,1019.75
24045,0.07,-0.01,10.31,-0.00,-0.01,-1.02,1019.81
24067,0.80,0.50,9.65,0.02,0.01,-1.07,1019.81
24088,0.40,0.15,10.45,0.00,-0.01,-1.14,1019.77
24110,-0.13,-0.15,10.00,0.01,-0.00,-1.19,1019.77
24132,-0.40,-0.38,10.06,0.00,-0.01,-1.17,1019.77
24154,0.17,-0.03,9.88,0.01,0.00,-1.20,1019.77
24175,-0.31,-0.47,10.23,0.00,-0.00,-1.22,1019.81
24197,-0.13,-0.19,9.96,0.01,-0.00,-1.19,1019.81
24219,-0.92,-0.58,10.10,0.02,0.01,-1.17,1019.77
24241,0.42,0.43,9.64,0.00,-0.00,-1.11,1019.77
24262,0.86,0.18,8.63,0.03,0.03,-1.18,1019.77
24288,0.49,-0.09,11.17,-0.02,-0.03,-1.21,1019.80
24309,-0.07,0.05,9.66,0.01,0.00,-1.27,1019.80
24329,-0.48,-0.32,9.85,0.01,-0.00,-1.31,1019.77
24350,-0.51,-0.04,8.46,0.02,0.02,-1.29,1019.77
24370,-0.43,-0.26,10.00,0.00,-0.00,-1.21,1019.75
24391,-0.49,-0.19,9.95,0.01,0.00,-1.19,1019.75
24411,-1.09,-0.62,9.94,0.01,-0.00,-1.17,1019.77
24432,-0.79,-0.23,10.06,-0.00,-0.01,-1.12,1019.77
24453,-0.76,-0.59,9.97,0.01,-0.02,-1.13,1019.79
24473,0.06,0.01,10.00,0.00,-0.01,-1.07,1019.79
24499,0.16,-0.12,10.14,-0.00,-0.02,-1.03,1019.77
24521,0.15,0.13,10.07,0.00,-0.00,-1.00,1019.77
24542,0.32,0.51,10.11,-0.00,0.00,-0.95,1019.77
24564,0.16,0.21,10.03,0.00,-0.00,-1.01,1019.77
24586,0.22,0.04,10.06,0.00,-0.01,-1.02,1019.77
24608,0.12,0.01,10.12,0.00,-0.00,-1.02,1019.80
24629,0.60,0.27,9.97,0.00,0.00,-1.01,1019.80
24651,0.28,-0.02,10.12,0.00,0.00,-1.02,1019.79
24673,-0.16,0.05,9.94,0.00,-0.00,-1.04,1019.79
24695,-0.75,-0.85,9.91,0.01,0.01,-1.03,1019.77
24717,-0.21,-0.20,9.88,0.00,0.00,-0.93,1019.77
24742,-0.25,-0.20,9.97,0.00,-0.00,-0.87,1019.75
24763,-0.26,-0.30,9.97,0.00,0.00,-0.82,1019.75
24784,-0.14,-0.09,10.01,0.00,0.00,-0.80,1019.79
24809,-0.13,-0.05,9.92,0.00,0.00,-0.78,1019.81
24830,0.14,0.13,9.99,0.00,0.01,-0.77,1019.81
24850,0.45,0.45,9.93,0.00,0.00,-0.79,1019.71
24871,-0.13,-0.20,10.09,0.00,0.00,-0.84,1019.71
24892,-0.16,-0.20,10.08,0.00,0.00,-0.82,1019.80
24912,-0.12,-0.15,9.97,0.00,-0.00,-0.84,1019.80
24933,0.03,-0.00,9.90,0.01,-0.00,-0.88,1019.81
24953,0.11,0.03,10.06,0.00,0.01,-0.87,1019.81
24979,0.01,-0.05,9.97,0.00,0.01,-0.88,1019.78
25001,-0.27,-0.31,9.99,0.00,0.01,-0.86,1019.78
25023,0.08,0.06,9.95,0.01,0.01,-0.86,1019.77
25044,0.07,-0.04,10.17,0.01,0.00,-0.88,1019.77
25066,-0.30,-0.32,9.98,0.00,0.00,-0.83,1019.78
25088,-0.16,-0.15,9.96,0.01,0.00,-0.81,1019.77
25110,-0.15,-0.14,9.98,0.00,0.01,-0.80,1019.77
25132,-0.10,-0.20,10.01,0.00,0.01,-0.76,1019.80
25153,0.17,0.15,10.04,0.01,-0.00,-0.79,1019.80
25175,-0.13,-0.05,9.97,0.01,-0.00,-0.81,1019.78
25201,-0.44,-0.46,9.97,-0.00,0.00,-0.76,1019.78
25221,-0.46,-0.44,10.03,-0.00,0.01,-0.72,1019.79
25242,-0.42,-0.45,9.90,-0.00,0.01,-0.68,1019.79
25263,-0.30,-0.22,10.12,-0.02,0.01,-0.61,1019.78
25283,-0.12,-0.08,10.00,0.00,0.00,-0.64,1019.78
25304,-0.03,0.12,9.95,0.00,0.00,-0.61,1019.76
25324,-0.32,-0.20,9.96,-0.00,0.00,-0.58,1019.76
25345,-0.08,-0.02,10.01,0.00,-0.00,-0.54,1019.78
25365,-0.06,0.04,9.98,0.00,-0.00,-0.53,1019.78
25386,-0.10,-0.03,9.98,0.00,-0.00,-0.52,1019.74
25407,-0.12,-0.08,9.92,0.00,-0.01,-0.52,1019.74
25432,-0.10,-0.04,9.96,0.00,-0.01,-0.52,1019.78
25454,-0.21,-0.14,9.97,-0.00,-0.00,-0.49,1019.78
25476,-0.20,-0.15,10.04,-0.00,0.00,-0.46,1019.78
25498,-0.28,-0.12,9.60,0.01,-0.01,-0.43,1019.79
25519,-0.21,-0.15,9.94,-0.01,0.01,-0.40,1019.79
25541,-0.05,-0.03,10.04,-0.01,0.00,-0.42,1019.78
25563,-0.19,-0.15,9.91,-0.01,-0.00,-0.43,1019.78
25585,-0.39,-0.34,9.97,-0.01,-0.00,-0.41,1019.79
25607,-0.15,-0.14,10.01,-0.00,0.00,-0.38,1019.79
25629,-0.13,-0.08,9.91,-0.01,0.00,-0.37,1019.75
25654,-0.06,0.02,9.96,-0.01,0.00,-0.37,1019.78
25675,-0.56,-0.38,10.03,-0.01,-0.00,-0.33,1019.78
25695,-0.33,-0.33,10.07,-0.01,-0.01,-0.23,1019.79
25716,-0.44,-0.39,10.05,0.01,-0.00,-0.19,1019.79
25736,-0.55,-0.48,9.95,0.02,0.00,-0.11,1019.79
25757,-0.26,-0.18,9.96,0.01,0.00,-0.04,1019.79
25778,-0.14,-0.02,9.97,0.01,0.00,-0.02,1019.80
25798,0.03,0.11,9.91,-0.00,0.00,-0.02,1019.80
25819,0.02,0.09,9.99,-0.01,0.00,-0.04,1019.79
25839,-0.04,0.02,10.03,0.00,0.00,-0.05,1019.79
25860,-0.01,0.05,9.98,0.01,0.00,-0.07,1019.77
25886,0.02,0.11,9.86,-0.00,-0.00,-0.09,1019.77
25908,-0.10,-0.05,9.98,-0.02,-0.00,-0.11,1019.77
25929,-0.40,-0.36,10.00,-0.02,-0.00,-0.09,1019.77
25951,-0.19,-0.13,9.94,-0.02,0.00,-0.03,1019.80
25973,-0.15,-0.15,10.17,-0.02,0.00,-0.02,1019.77
25995,-0.10,-0.06,9.97,0.00,0.00,-0.01,1019.77
26016,-0.18,-0.11,9.95,-0.00,0.00,-0.00,1019.78
26038,-0.11,-0.10,10.23,0.03,-0.02,0.00,1019.78
26060,-0.11,-0.09,10.32,0.10,-0.05,0.00,1019.78
26082,-0.05,0.06,9.69,0.11,-0.07,0.00,1019.78
26107,-0.05,0.02,9.94,-0.01,-0.00,0.00,1019.79
26128,-0.04,0.05,9.66,-0.03,0.00,0.00,1019.79
26148,-0.06,0.04,9.60,-0.10,0.03,0.01,1019.72
26169,-0.11,-0.33,11.11,-0.20,0.05,0.01,1019.72
26190,-0.08,-0.01,9.71,0.01,0.00,0.00,1019.79
26210,-0.06,-0.06,9.99,-0.00,0.00,0.00,1019.79
26231,-0.07,-0.05,9.97,-0.00,0.00,0.00,1019.79
26251,-0.06,-0.05,9.99,-0.00,0.00,0.00,1019.79
26272,-0.08,-0.07,9.98,-0.00,0.00,0.00,1019.78
26292,-0.07,-0.07,9.98,-0.00,0.00,0.00,1019.78
26313,-0.07,-0.07,9.98,-0.00,0.00,0.00,1019.82
26339,-0.07,-0.08,9.99,-0.00,0.00,0.00,1019.80
26360,-0.08,-0.08,9.98,-0.00,0.00,0.00,1019.80
26382,-0.07,-0.06,9.98,-0.00,0.00,0.00,1019.77
26404,-0.07,-0.06,9.97,-0.00,0.00,0.00,1019.77
26426,-0.07,-0.06,9.99,-0.00,0.00,0.00,1019.74
26448,-0.09,-0.06,9.99,-0.00,0.00,0.00,1019.74
26469,-0.07,-0.06,9.98,-0.00,0.00,0.00,1019.76
26491,-0.07,-0.06,9.99,-0.00,0.00,0.00,1019.76
26513,-0.08,-0.06,9.98,-0.00,0.00,0.00,1019.76
26535,-0.08,-0.08,9.94,-0.00,0.00,0.00,1019.76
26556,-0.09,-0.07,9.98,-0.00,0.00,0.00,1019.79
26582,-0.07,-0.06,9.99,0.00,0.00,0.00,1019.76
26603,-0.06,-0.06,9.98,0.00,0.00,0.00,1019.76
26623,-0.07,-0.06,10.01,0.01,0.01,0.00,1019.75
26644,0.01,0.09,9.83,0.02,0.01,0.00,1019.75
26664,0.40,0.43,10.13,0.00,0.00,-0.06,1019.75
26685,0.12,0.44,10.10,0.03,-0.01,-0.13,1019.75
26705,0.16,0.37,9.94,0.05,-0.01,-0.16,1019.75
26726,-0.13,0.25,9.95,0.04,-0.01,-0.18,1019.75
26747,-0.39,0.17,9.91,0.03,-0.01,-0.15,1019.78
26767,-0.37,-0.10,9.96,0.02,-0.00,-0.08,1019.78
26793,-0.44,-0.23,9.95,0.02,0.00,0.01,1019.77
26815,-0.29,-0.17,9.99,0.02,0.00,0.07,1019.77
26836,-0.17,-0.01,9.90,0.01,0.01,0.13,1019.77
26858,-0.05,0.28,9.87,-0.01,0.01,0.14,1019.78
26880,-0.05,0.23,9.96,-0.02,0.01,0.15,1019.78
26902,0.26,0.04,10.06,-0.01,0.01,0.14,1019.78
26923,0.31,0.27,9.97,-0.00,0.00,0.09,1019.78
26945,-0.04,0.53,9.90,-0.02,0.01,0.05,1019.75
26967,-0.09,0.87,9.96,-0.04,0.01,0.05,1019.75
26989,-0.06,0.92,9.97,-0.05,0.01,0.02,1019.77
27011,-0.31,1.35,9.83,-0.05,0.01,0.06,1019.77
27036,-0.04,-0.06,10.12,-0.04,0.01,0.00,1019.77
27057,-0.14,-0.02,10.14,-0.01,0.00,0.01,1019.77
27077,-0.03,0.40,9.57,0.02,0.02,0.06,1019.80
27098,0.01,0.41,9.28,0.02,0.02,0.04,1019.78
27119,0.12,0.56,9.98,0.00,0.01,0.05,1019.78
27139,0.08,0.60,9.93,-0.00,0.01,0.05,1019.77
27160,-0.02,0.22,9.72,0.01,0.01,0.01,1019.77
27180,-0.10,0.78,9.71,0.01,0.01,0.00,1019.80
27201,-0.11,0.71,9.02,0.02,0.02,-0.01,1019.80
27221,-0.29,-0.25,10.74,0.01,0.02,-0.03,1019.79
27242,-0.23,-0.16,10.78,-0.02,-0.03,-0.03,1019.79
27268,-0.31,-0.10,9.89,-0.01,-0.00,-0.00,1019.79
27290,-0.19,-0.36,9.81,0.01,0.01,0.02,1019.79
27311,-0.14,-0.30,9.67,0.02,0.00,0.04,1019.81
27333,-0.18,-0.17,10.03,0.01,0.01,0.09,1019.81
27355,0.12,-0.02,10.05,0.01,0.01,0.09,1019.81
27376,-0.02,-0.11,10.01,0.02,0.00,0.05,1019.81
27398,0.38,0.66,10.06,0.01,0.01,0.05,1019.76
27420,-0.09,0.46,10.02,0.02,0.00,-0.03,1019.77
27453,-0.24,-0.57,9.98,0.02,0.00,-0.08,1019.77
27475,-0.32,-0.31,9.91,0.01,0.01,-0.03,1019.78
27497,-0.10,-0.15,9.98,0.00,0.01,-0.03,1019.78
27522,0.02,0.08,10.04,-0.00,0.00,-0.03,1019.76
27543,-0.07,0.45,10.11,-0.00,0.00,-0.03,1019.77
27563,0.12,0.42,10.05,-0.01,0.00,-0.02,1019.77
27584,-0.52,0.21,9.89,-0.04,0.00,-0.00,1019.78
27605,0.36,0.38,10.16,0.00,-0.01,-0.01,1019.78
27625,-0.37,0.22,9.87,-0.01,0.01,0.02,1019.75
27646,0.14,0.49,9.96,-0.01,0.00,-0.01,1019.75
27666,-0.30,0.40,9.82,-0.02,0.00,0.00,1019.75
27687,0.36,1.40,9.88,-0.03,-0.00,-0.02,1019.75
27707,0.20,0.98,9.95,-0.05,-0.01,-0.08,1019.79
27728,-0.28,0.00,10.11,-0.06,0.00,-0.13,1019.79
27754,-0.11,-0.68,10.20,-0.01,0.01,-0.04,1019.75
27776,-0.03,-0.91,10.41,-0.01,-0.01,0.04,1019.75
27797,0.15,-0.56,9.96,0.00,-0.01,0.04,1019.80
27819,-0.20,-0.35,9.94,0.00,0.00,0.03,1019.80
27841,-0.15,-0.45,9.90,0.00,0.00,0.04,1019.78
27863,-0.36,-0.87,9.99,0.00,0.00,0.08,1019.76
27885,0.21,-0.26,9.96,0.00,0.01,0.11,1019.76
27907,-0.22,-0.35,10.08,0.00,0.00,0.07,1019.76
27928,0.19,-0.29,10.05,-0.00,0.01,0.06,1019.76
27950,-0.04,-0.66,9.95,0.01,0.00,-0.02,1019.75
27976,0.20,-1.22,9.95,0.01,0.00,-0.03,1019.75
27996,0.02,-0.96,10.07,-0.00,-0.00,-0.05,1019.74
28017,-0.37,-0.47,9.96,-0.01,-0.00,-0.02,1019.74
28037,0.03,-0.18,10.02,-0.01,-0.00,0.02,1019.77
28058,-0.20,-0.41,10.08,-0.01,-0.00,-0.00,1019.77
28078,-0.09,-0.46,10.03,-0.01,0.00,0.02,1019.77
28099,0.06,-0.38,9.95,-0.02,0.01,0.02,1019.77
28120,0.22,-0.36,10.01,-0.01,0.00,0.02,1019.75
28140,-0.15,-0.26,9.89,-0.01,0.00,0.00,1019.75
28161,-0.21,-0.34,9.92,-0.03,0.00,0.03,1019.76
28181,-0.08,-0.93,10.18,-0.03,0.01,0.05,1019.76
28207,-0.06,-1.46,10.04,-0.00,-0.00,-0.01,1019.77
28229,-0.06,-0.06,9.98,0.00,0.01,0.00,1019.79
28251,-0.05,-0.05,9.95,0.00,0.01,0.00,1019.79
28273,-0.06,-0.06,10.00,-0.00,0.00,0.00,1019.75
28294,-0.05,-0.07,10.02,-0.00,0.00,0.00,1019.75
28316,-0.03,-0.08,10.04,-0.00,0.01,0.00,1019.79
28338,-0.06,-0.05,9.99,-0.01,0.00,0.00,1019.79
28360,-0.08,-0.07,9.97,0.00,0.01,0.00,1019.73
28382,-0.07,-0.06,9.97,-0.00,0.01,0.00,1019.73
28403,-0.06,-0.06,9.99,0.00,0.01,0.01,1019.78
28429,-0.04,-0.05,10.05,0.00,0.01,0.00,1019.78
28450,-0.08,-0.07,10.02,0.01,0.00,0.00,1019.78
28470,-0.07,-0.03,9.80,0.01,0.01,0.00,1019.75
28491,-0.05,-0.06,10.04,-0.00,0.00,0.00,1019.75
28511,-0.06,-0.05,9.95,-0.00,0.01,0.00,1019.77
28532,-0.04,-0.05,9.87,-0.03,0.00,0.00,1019.77
28553,-0.04,-0.14,10.36,-0.03,0.00,0.00,1019.79
28573,-0.07,-0.07,9.98,-0.00,0.01,0.00,1019.79
28594,-0.05,-0.06,9.99,0.00,0.01,0.01,1019.78
28614,-0.07,-0.06,10.01,0.00,0.01,0.01,1019.78
28635,-0.05,-0.05,10.00,0.01,0.01,0.00,1019.80
28661,-0.01,-0.17,9.88,0.01,0.00,0.00,1019.80
28682,0.26,-0.22,9.93,-0.01,0.00,-0.08,1019.77
28704,-0.07,-0.34,10.11,-0.01,0.00,-0.14,1019.77
28726,-0.08,-0.27,10.11,0.02,0.01,-0.15,1019.78
28748,-0.13,-0.40,9.98,0.04,0.01,-0.16,1019.74
28770,-0.40,-0.53,9.89,0.02,0.01,-0.08,1019.74
28791,0.14,-0.03,10.23,0.02,0.00,-0.06,1019.78
28813,-0.16,-0.33,9.86,0.03,0.01,-0.09,1019.78
28835,-0.39,-0.22,10.03,0.01,0.00,-0.06,1019.77
28857,-0.25,-0.55,10.20,0.02,0.00,-0.04,1019.77
28878,-0.42,-1.18,9.91,0.02,-0.00,0.01,1019.77
28904,0.01,-0.36,9.98,0.02,0.01,0.04,1019.77
28925,0.22,-0.16,9.45,0.03,0.01,0.03,1019.77
28945,0.33,-0.52,10.00,-0.00,0.00,-0.01,1019.77
28966,-0.37,-0.36,9.64,0.00,0.01,-0.03,1019.78
28986,0.05,0.40,9.38,0.01,-0.00,-0.10,1019.78
29007,-0.47,-0.85,9.65,-0.00,0.01,-0.07,1019.77
29027,-0.11,-0.82,10.12,-0.00,0.00,-0.05,1019.74
29048,-0.04,-0.38,9.88,-0.00,-0.00,-0.04,1019.74
29069,-0.19,-0.82,9.92,0.01,-0.01,-0.04,1019.75
29089,-0.06,-0.96,10.03,-0.01,-0.00,-0.02,1019.75
29115,0.21,0.39,10.10,-0.01,-0.00,-0.03,1019.77
29137,-0.07,0.15,9.85,-0.01,-0.01,-0.07,1019.77
29159,0.28,-0.28,9.92,-0.01,0.00,-0.07,1019.73
29180,-0.42,-0.65,10.02,-0.00,-0.01,-0.10,1019.73
29202,-0.11,-0.66,10.18,-0.00,0.00,-0.06,1019.77
29224,0.09,-0.11,10.05,0.00,-0.00,-0.09,1019.77
29246,-0.34,-0.85,9.88,-0.00,0.00,-0.08,1019.77
29268,-0.08,-0.32,9.82,-0.01,-0.00,-0.08,1019.77
29289,-0.09,-0.31,9.92,-0.02,0.00,-0.07,1019.76
29311,-0.39,-0.51,9.45,0.01,0.02,-0.04,1019.76
29333,-0.14,-0.02,10.25,-0.01,0.01,0.01,1019.76
29359,-0.10,-0.70,10.09,-0.01,0.00,0.03,1019.75
29379,0.12,-0.38,10.06,-0.01,0.01,0.06,1019.75
29400,0.23,-0.89,10.80,-0.04,0.01,0.07,1019.76
29420,-0.14,0.04,9.51,0.02,-0.01,0.02,1019.76
29441,-0.27,-0.18,10.03,-0.01,0.00,0.09,1019.76
29461,0.11,0.20,10.24,-0.03,-0.00,0.14,1019.76
29482,0.09,0.21,9.96,-0.02,0.01,0.07,1019.75
29503,-0.09,0.48,9.95,-0.03,0.01,0.07,1019.75
29523,0.18,0.71,10.19,-0.02,0.02,0.02,1019.77
29544,-0.30,-0.01,9.96,-0.02,0.02,-0.01,1019.77
29569,0.29,0.02,9.96,-0.02,0.01,0.02,1019.76
29591,0.18,-0.09,9.94,-0.00,0.02,-0.04,1019.78
29613,-0.76,-0.56,10.05,-0.02,0.02,-0.01,1019.78
29635,0.37,0.28,9.28,0.02,0.04,0.06,1019.76
29656,0.25,0.36,10.17,-0.01,0.01,0.03,1019.76
29678,-0.11,0.45,9.89,-0.00,0.01,-0.03,1019.76
29700,-0.38,0.23,10.01,-0.01,-0.01,0.03,1019.76
29722,0.27,0.50,9.99,0.00,0.00,0.04,1019.78
29743,0.06,0.07,10.07,0.02,-0.00,-0.02,1019.78
29765,-0.17,-0.37,9.99,0.05,-0.01,-0.05,1019.77
29787,-0.09,-0.26,10.13,0.06,-0.01,0.00,1019.77
29812,-0.09,-0.11,10.11,0.08,-0.01,0.00,1019.77
29833,0.02,0.11,9.71,0.02,-0.00,0.06,1019.79
29854,-0.03,0.44,10.02,-0.00,0.00,0.09,1019.79
29875,-0.25,1.02,9.84,0.00,0.01,0.11,1019.78
29896,-0.00,1.47,9.78,0.00,0.01,0.12,1019.78
29916,-0.03,1.70,9.53,0.00,-0.00,0.08,1019.77
29937,-0.13,1.91,10.18,-0.01,-0.00,0.04,1019.77
29958,-0.17,1.41,9.88,-0.01,0.00,-0.02,1019.73
29979,0.11,1.04,10.18,-0.01,0.00,-0.03,1019.73
29999,-0.12,1.03,9.69,0.01,0.00,-0.03,1019.74
30020,-0.10,0.53,9.97,0.00,0.01,0.01,1019.74
30046,0.07,0.48,10.00,-0.00,0.01,0.03,1019.78
30068,-0.05,0.01,10.00,0.00,0.00,0.01,1019.78
30101,0.01,0.05,9.84,-0.00,0.00,0.00,1019.78
30123,-0.09,-0.01,10.04,-0.02,0.02,0.00,1019.80
30145,-0.06,-0.02,10.11,-0.02,0.01,0.00,1019.80
30167,-0.05,0.03,9.90,-0.00,0.00,0.00,1019.76
30189,-0.05,0.01,10.01,-0.00,0.00,0.00,1019.76
30211,-0.06,0.02,9.97,-0.00,0.00,0.00,1019.75
30233,-0.04,0.02,9.98,-0.00,0.00,0.00,1019.75
30255,-0.06,0.00,9.99,-0.00,0.00,0.00,1019.76
30277,-0.05,0.00,9.98,-0.00,0.00,0.00,1019.79
30303,-0.06,0.00,9.99,-0.00,0.00,0.00,1019.79
30324,-0.05,0.01,9.99,-0.00,0.00,0.00,1019.78
30345,-0.06,0.02,9.99,-0.00,0.00,0.00,1019.78
30365,-0.05,0.01,9.98,-0.00,0.00,0.00,1019.75
30386,-0.08,-0.09,10.30,0.00,-0.00,0.00,1019.75
30407,0.10,0.22,9.91,-0.02,0.02,0.01,1019.78
30428,-0.09,-0.06,10.24,-0.02,0.02,0.00,1019.78
30448,-0.04,0.01,9.90,0.00,0.00,0.00,1019.75
30469,-0.05,0.00,9.98,-0.01,0.01,0.00,1019.75
30490,-0.05,-0.01,9.99,-0.02,0.01,0.00,1019.76
30511,-0.06,-0.01,9.98,-0.02,0.01,0.00,1019.76
30536,-0.09,-0.01,10.01,-0.02,0.02,0.00,1019.77
30559,-0.07,-0.02,9.99,-0.01,0.01,0.00,1019.72
30581,-0.04,-0.03,10.05,-0.02,0.01,0.00,1019.72
30603,0.15,0.00,9.98,-0.02,0.01,0.00,1019.74
30624,-0.01,-0.02,10.08,-0.00,0.00,-0.01,1019.74
30646,-0.09,-0.02,9.98,0.02,-0.01,-0.01,1019.76
30669,-0.11,0.01,9.97,0.01,-0.00,-0.00,1019.76
30691,0.28,0.07,9.94,-0.00,0.00,-0.00,1019.76
30713,0.45,0.10,9.95,-0.02,0.01,-0.01,1019.76
30735,0.36,0.01,9.97,-0.02,0.01,-0.04,1019.78
30760,0.49,0.03,10.04,-0.01,0.00,-0.08,1019.78
30781,0.36,-0.02,10.04,-0.00,0.00,-0.10,1019.78
30802,0.22,-0.25,10.04,-0.00,-0.00,-0.08,1019.77
30823,-0.29,-0.05,9.87,0.01,-0.01,-0.06,1019.77
30844,-0.66,-0.24,9.96,-0.02,0.01,-0.02,1019.74
30864,0.30,-0.12,10.14,-0.02,0.01,-0.00,1019.74
30885,0.16,-0.02,10.01,-0.00,0.00,-0.02,1019.78
30906,0.59,0.03,9.97,-0.00,0.00,-0.01,1019.78
30927,0.55,-0.09,9.96,0.01,-0.00,0.00,1019.79
30947,0.20,-0.24,10.04,-0.00,0.00,0.04,1019.79
30968,0.12,0.05,9.89,0.00,0.01,0.07,1019.77
30994,0.18,-0.02,9.99,-0.01,0.01,0.04,1019.77
31016,-0.02,0.28,9.96,-0.01,0.00,0.01,1019.76
31038,0.29,0.06,9.89,-0.01,0.00,-0.03,1019.75
31060,0.47,-0.05,10.04,-0.01,0.01,-0.04,1019.75
31082,0.15,-0.06,10.00,-0.01,0.00,-0.07,1019.75
31104,0.27,-0.05,10.02,-0.00,0.00,-0.08,1019.75
31126,-0.02,-0.09,9.90,-0.00,0.00,-0.08,1019.72
31148,-0.25,-0.21,9.92,-0.05,-0.00,-0.03,1019.72
31170,0.94,-0.22,10.26,-0.01,0.01,-0.01,1019.80
31192,0.62,-0.09,9.89,0.03,-0.00,0.01,1019.80
31218,-0.11,-0.06,9.98,-0.01,0.00,0.06,1019.77
31238,-0.29,0.09,9.95,-0.03,0.02,0.09,1019.77
31259,1.01,0.53,10.02,0.00,0.02,0.06,1019.77
31280,-1.08,0.45,9.22,0.00,0.03,-0.14,1019.77
31301,0.01,0.31,9.95,-0.02,0.02,-0.26,1019.77
31322,0.32,-0.37,10.51,0.00,-0.01,-0.36,1019.79
31342,-0.11,-0.38,10.07,0.02,0.02,-0.23,1019.79
31363,-0.21,0.96,9.68,-0.01,0.06,-0.24,1019.76
31384,-0.95,0.08,10.47,-0.08,-0.02,-0.55,1019.76
31405,1.74,-0.49,8.67,0.15,0.07,-0.32,1019.76
31425,-0.52,-0.57,10.51,-0.07,0.00,-0.03,1019.76
31451,-0.84,0.11,9.74,0.04,0.02,-0.04,1019.77
31473,-1.23,-0.00,10.00,-0.03,0.00,-0.02,1019.77
31495,-2.07,-0.05,10.14,-0.02,0.01,-0.04,1019.75
31517,-1.54,0.12,9.90,0.01,0.01,-0.08,1019.75
31539,-0.92,-0.00,10.19,0.01,0.00,-0.10,1019.77
31561,-0.09,0.13,9.44,0.01,0.02,-0.07,1019.77
31583,-3.21,-1.03,12.07,0.08,-0.09,-0.02,1019.77
31605,1.42,0.39,9.10,0.16,0.06,0.08,1019.77
31627,1.28,0.32,8.99,-0.08,-0.01,0.10,1019.77
31649,0.31,-0.24,10.96,0.09,0.04,0.07,1019.75
31671,-0.43,0.06,10.02,-0.01,0.02,0.06,1019.75
31697,-2.08,-0.14,9.50,-0.02,0.03,0.02,1019.78
31718,1.21,0.10,9.87,-0.02,0.00,0.04,1019.78
31738,-0.48,0.03,9.98,-0.02,-0.00,0.03,1019.77
31759,0.04,-0.04,10.08,-0.02,0.01,0.04,1019.77
31780,-0.14,-0.07,9.87,-0.01,0.01,0.05,1019.75
31801,0.28,-0.07,10.22,-0.01,0.00,0.07,1019.75
31822,0.08,-0.09,9.85,-0.00,0.01,0.08,1019.79
31842,-0.51,0.00,9.82,-0.00,0.01,0.09,1019.79
31863,0.08,-0.14,10.12,-0.01,0.01,0.09,1019.79
31884,-0.39,-0.14,9.89,-0.01,0.01,0.11,1019.77
31905,0.28,-0.15,10.23,-0.00,0.01,0.13,1019.77
31931,0.12,0.02,9.93,0.02,0.01,0.11,1019.79
31952,0.41,0.05,9.95,0.01,0.01,0.08,1019.79
31975,-0.51,-0.05,9.96,-0.01,0.01,0.05,1019.78
31997,0.24,-0.13,10.22,-0.00,0.00,0.07,1019.78
32018,-0.50,0.03,9.70,0.02,0.01,0.07,1019.79
32040,-0.14,-0.12,10.05,0.00,0.01,0.07,1019.79
32062,-0.32,0.03,10.01,0.00,0.00,0.07,1019.79
32084,-0.49,0.06,9.91,-0.00,0.01,0.05,1019.77
32106,-0.68,0.10,9.96,-0.01,0.00,0.03,1019.77
32128,-0.71,0.08,9.89,0.01,0.00,0.01,1019.77
32154,-0.43,0.00,10.00,-0.00,0.00,0.01,1019.77
32175,-0.48,-0.01,9.95,0.01,0.00,-0.00,1019.78
32196,-0.85,0.06,9.89,0.01,0.00,-0.01,1019.78
32217,-0.58,-0.00,9.96,0.00,0.00,-0.00,1019.77
32237,-0.11,-0.03,10.11,0.01,-0.00,0.00,1019.77
32258,-0.09,-0.00,9.92,0.01,-0.00,0.00,1019.78
32279,-0.09,0.02,9.97,-0.00,0.00,0.00,1019.78
32300,-0.10,0.01,10.02,0.00,0.01,0.00,1019.78
32320,-0.10,0.01,10.00,0.01,0.01,0.00,1019.78
32341,-0.11,0.01,10.00,-0.01,0.00,0.00,1019.76
32362,-0.11,0.04,9.86,-0.00,0.00,0.00,1019.76
32388,-0.09,0.00,10.01,-0.00,0.00,0.00,1019.75
32410,-0.09,0.00,9.95,-0.01,0.00,0.00,1019.76
32432,-0.12,-0.01,9.92,-0.01,0.00,0.00,1019.76
32454,-0.09,-0.03,10.09,-0.01,0.00,0.00,1019.74
32476,-0.11,-0.02,10.06,-0.01,0.00,0.00,1019.74
32498,-0.10,0.00,10.03,-0.00,0.01,0.00,1019.76
32520,-0.11,-0.03,10.18,0.00,0.01,0.00,1019.76
32542,-0.15,0.00,10.02,0.00,0.00,0.01,1019.74
32564,-1.17,-0.08,9.87,0.01,0.00,0.01,1019.74
32586,0.13,0.05,10.35,-0.02,-0.00,0.04,1019.77
32608,-0.15,-0.31,10.11,-0.01,0.02,0.06,1019.78
32633,-0.56,-0.12,9.90,0.01,0.01,0.08,1019.78
32654,-0.71,-0.01,9.81,0.01,0.00,0.08,1019.74
32675,-0.85,0.02,10.01,0.00,0.01,0.11,1019.74
32696,-1.54,-0.19,9.68,0.01,0.01,0.09,1019.77
32716,-0.87,0.45,9.66,-0.02,0.01,0.13,1019.77
32737,-0.47,0.06,9.83,-0.00,0.01,0.09,1019.75
32759,-0.81,0.02,9.94,0.01,0.00,0.08,1019.75
32784,-0.36,0.09,10.00,-0.01,0.00,0.07,1019.77
32805,0.15,0.19,10.29,-0.01,0.00,0.05,1019.77
32826,-0.30,0.06,9.94,-0.00,0.00,0.05,1019.75
32846,-0.31,0.04,9.96,0.00,0.00,0.05,1019.75
32872,-0.53,-0.09,9.96,-0.00,0.00,0.04,1019.75
32894,0.18,-0.06,10.08,-0.00,-0.00,0.07,1019.78
32916,0.06,0.06,10.02,-0.00,-0.00,0.07,1019.78
32938,0.24,0.28,10.03,-0.01,0.00,0.04,1019.79
32960,-0.27,-0.14,9.69,0.00,-0.00,-0.04,1019.79
32982,-0.22,0.06,10.00,-0.00,-0.01,-0.05,1019.77
33004,0.45,-0.10,10.33,-0.01,-0.01,-0.02,1019.77
33026,0.28,-0.21,10.23,-0.00,-0.01,-0.03,1019.77
33048,-0.29,-0.18,9.98,0.01,-0.01,-0.02,1019.76
33070,-0.37,-0.06,10.16,-0.01,-0.01,0.02,1019.76
33096,0.06,0.03,9.90,-0.00,0.00,0.03,1019.75
33117,0.04,0.14,10.12,-0.01,-0.01,0.04,1019.75
33138,-0.61,-0.06,9.80,-0.01,-0.00,0.02,1019.77
33159,-0.14,0.06,9.78,-0.01,0.01,0.04,1019.77
33179,-0.27,-0.36,9.84,0.01,-0.03,-0.01,1019.75
33200,0.14,0.01,10.05,-0.00,-0.01,0.01,1019.75
33221,-0.30,-0.06,9.99,-0.01,-0.02,0.02,1019.77
33242,-0.21,-0.19,9.81,-0.01,-0.01,0.02,1019.77
33262,-0.06,0.07,10.21,-0.01,-0.03,0.00,1019.77
33283,0.21,0.03,10.14,-0.02,-0.01,0.01,1019.77
33304,0.41,0.58,10.19,-0.01,-0.00,0.03,1019.77
33330,0.40,-0.08,10.05,-0.01,0.01,0.01,1019.76
33352,-0.06,-0.02,9.97,0.00,0.01,0.00,1019.76
33374,-0.54,-0.14,10.03,-0.01,0.01,0.02,1019.76
33396,-0.37,-0.03,9.91,-0.00,0.01,0.01,1019.76
33418,0.25,0.05,9.96,-0.01,0.01,0.05,1019.75
33440,0.65,-0.06,10.36,-0.03,-0.00,0.06,1019.75
33462,0.17,-0.02,10.05,-0.01,0.00,0.04,1019.77
33484,0.08,0.06,9.79,0.00,0.00,0.03,1019.77
33506,0.07,0.22,9.98,-0.00,0.00,0.04,1019.78
33528,0.50,0.12,10.00,-0.01,0.01,0.02,1019.78
33550,-0.00,-0.07,9.94,-0.00,0.00,-0.00,1019.75
33576,0.53,0.03,10.02,-0.01,0.00,0.03,1019.77
33596,-0.07,-0.03,10.00,0.00,0.00,0.02,1019.77
33617,0.10,0.04,9.87,-0.00,0.01,0.05,1019.76
33638,0.04,0.13,10.05,-0.01,0.00,0.06,1019.76
33659,0.00,0.52,10.09,-0.01,0.00,0.07,1019.75
33679,0.44,-0.01,9.91,-0.01,0.00,0.05,1019.75
33700,-0.15,-0.07,9.98,-0.01,-0.00,0.04,1019.75
33721,0.45,-0.07,10.02,-0.00,0.00,0.04,1019.75
33742,0.24,0.07,9.79,-0.00,0.01,0.05,1019.74
33763,0.50,0.09,10.08,-0.01,0.01,0.05,1019.74
33783,0.83,0.03,10.06,-0.01,0.00,0.03,1019.77
33809,1.06,0.14,10.07,-0.01,0.00,0.02,1019.77
33831,1.03,0.11,9.99,-0.00,0.00,-0.04,1019.81
33853,0.45,-0.15,9.96,0.00,-0.00,-0.08,1019.74
33875,0.23,-0.12,10.03,0.00,0.00,-0.05,1019.74
33897,-0.01,0.01,10.00,0.00,0.00,-0.03,1019.74
33919,-0.22,-0.04,9.93,0.01,0.00,-0.04,1019.74
33941,-0.04,-0.03,10.09,-0.02,0.00,0.00,1019.74
33963,-0.07,-0.01,9.98,-0.02,0.00,0.00,1019.74
33985,-0.04,-0.03,10.04,-0.00,0.00,0.00,1019.74
34007,-0.05,0.00,9.97,0.00,0.00,0.00,1019.74
34033,-0.04,-0.02,10.01,0.00,0.00,0.00,1019.74
34054,-0.05,0.02,9.93,0.00,0.00,0.00,1019.76
34074,-0.05,-0.01,9.99,-0.00,0.00,0.00,1019.76
34095,-0.04,0.00,9.99,-0.00,0.00,0.00,1019.78
34116,-0.05,0.01,9.98,-0.00,0.00,0.00,1019.78
34137,-0.06,0.00,10.00,-0.00,0.00,0.00,1019.79
34158,-0.05,0.00,9.98,-0.00,0.00,0.00,1019.79
34178,-0.05,-0.02,10.00,-0.00,0.00,0.00,1019.75
34199,-0.06,-0.02,9.99,0.00,0.00,0.00,1019.75
34220,-0.04,-0.00,10.02,0.00,0.00,0.00,1019.75
34241,-0.05,0.01,9.96,-0.00,0.00,0.00,1019.75
34266,0.08,0.04,10.06,-0.00,0.00,0.00,1019.77
34289,0.07,-0.13,10.01,0.00,0.00,-0.04,1019.77
34311,0.20,-0.02,10.01,0.01,0.00,-0.05,1019.75
34333,-0.28,0.13,10.03,0.01,0.01,-0.08,1019.75
34354,-0.40,-0.16,9.91,0.01,0.01,-0.01,1019.75
34376,0.02,0.02,10.17,0.00,0.02,0.00,1019.76
34398,-0.14,0.01,10.17,0.01,0.04,0.00,1019.76
34420,-0.07,0.09,9.97,0.01,0.05,0.01,1019.75
34442,0.15,0.01,10.02,0.01,0.06,-0.00,1019.75
34464,0.69,0.12,10.08,0.01,0.05,-0.03,1019.78
34486,0.26,0.21,10.42,0.02,0.05,-0.09,1019.78
34512,-0.58,-0.15,10.26,0.06,0.07,-0.07,1019.77
34533,-0.32,-0.12,10.60,0.09,0.08,-0.05,1019.77
34554,-0.77,-0.34,9.96,0.11,0.16,-0.04,1019.80
34575,-0.52,0.15,9.72,0.10,0.08,0.02,1019.80
34595,-0.39,0.09,9.99,0.12,0.04,0.00,1019.76
34616,-0.85,-0.26,10.22,0.09,0.08,0.03,1019.74
34637,-0.70,-0.14,10.00,0.09,0.13,0.05,1019.74
34658,-0.10,0.20,10.91,0.08,0.16,0.07,1019.75
34679,0.40,0.80,11.41,0.15,0.24,-0.02,1019.75
34699,-0.17,0.30,10.85,0.16,0.35,-0.07,1019.76
34720,-0.59,-0.07,10.93,0.17,0.43,-0.07,1019.76
34746,0.08,0.92,10.58,0.22,0.50,-0.09,1019.75
34768,-0.40,0.92,10.07,0.23,0.54,-0.12,1019.75
34790,-0.33,0.59,11.12,0.23,0.55,-0.15,1019.79
34812,-0.84,0.91,9.53,0.31,0.54,-0.17,1019.79
34834,-1.25,0.95,8.85,0.22,0.39,-0.15,1019.74
34856,-1.33,0.63,9.77,0.10,0.18,-0.13,1019.74
34878,-1.36,0.79,9.32,0.00,0.05,-0.04,1019.79
34900,-0.73,0.53,9.35,-0.13,0.05,0.01,1019.74
34922,-0.86,0.47,10.04,-0.17,-0.02,0.02,1019.74
34944,-1.06,0.57,10.19,-0.13,-0.17,-0.01,1019.75
34969,-1.33,0.31,10.82,-0.15,-0.22,0.03,1019.75
34990,-0.78,0.39,10.29,-0.11,-0.33,0.03,1019.76
35011,-1.23,-0.20,10.39,-0.10,-0.38,0.06,1019.76
35032,-0.71,-0.02,11.87,-0.08,-0.29,0.08,1019.74
35053,0.03,0.23,11.60,-0.01,-0.17,0.06,1019.74
35073,-1.16,0.09,10.56,0.09,-0.17,0.04,1019.75
35094,-1.46,0.37,8.71,0.12,-0.29,0.07,1019.75
35115,-0.60,1.05,10.09,-0.01,-0.38,0.07,1019.73
35136,-0.43,0.69,10.25,-0.11,-0.25,0.07,1019.73
35156,-0.95,0.18,10.60,-0.13,-0.16,0.09,1019.76
35177,-0.49,0.36,10.87,-0.12,-0.10,0.09,1019.76
35203,-0.61,0.26,10.44,-0.13,-0.05,0.11,1019.74
35225,-0.49,0.15,10.06,-0.12,-0.18,0.12,1019.74
35247,-0.61,0.06,10.08,-0.10,-0.33,0.12,1019.74
35269,-0.25,0.59,10.78,-0.05,-0.30,0.11,1019.74
35291,0.09,0.47,10.86,-0.05,-0.15,0.10,1019.74
35313,0.07,0.38,10.50,0.01,-0.11,0.08,1019.75
35335,-0.37,0.23,10.15,0.05,-0.04,0.08,1019.75
35357,-0.11,0.33,9.73,0.06,-0.07,0.09,1019.73
35379,-0.46,0.30,9.43,0.10,-0.16,0.07,1019.73
